time_ms,p1,p2,f3,f4
52861.0,-167.0,-830.0,0.042,6.96
52867.0,127.0,-812.0,-0.058,6.48
52872.0,99.0,-973.0,0.125,6.96
52877.0,-510.0,-903.0,0.058,6.23
52882.0,-34.0,-1045.0,0.05,6.48
52887.0,-170.0,-814.0,0.05,6.23
52892.0,-321.0,-732.0,0.0,6.48
52898.0,-333.0,-724.0,-0.008,6.96
52902.0,-74.0,-747.0,-0.033,6.48
52908.0,-130.0,-821.0,-0.05,6.96
52914.0,-222.0,-399.0,-0.008,6.96
52918.0,63.0,-608.0,0.025,6.48
52924.0,67.0,-754.0,0.025,6.48
52929.0,-637.0,-827.0,0.058,6.48
52933.0,-562.0,-792.0,-0.1,6.48
52939.0,-140.0,-742.0,0.042,6.48
52943.0,80.0,-797.0,0.008,6.23
52948.0,129.0,-987.0,0.058,5.99
52955.0,-305.0,-991.0,0.092,6.72
52960.0,-91.0,-748.0,0.017,6.23
52965.0,-86.0,-694.0,0.05,6.23
52970.0,-240.0,-1128.0,0.067,7.21
52975.0,60.0,-1015.0,0.075,6.96
52980.0,-25.0,-693.0,-0.075,6.72
52985.0,-315.0,-643.0,0.025,6.72
52990.0,-45.0,-744.0,-0.075,6.48
52996.0,-342.0,-878.0,0.008,5.5
53002.0,-302.0,-1166.0,0.0,6.23
53007.0,28.0,-1099.0,0.008,6.96
53011.0,-133.0,-771.0,0.083,6.96
53017.0,-283.0,-617.0,0.05,6.48
53022.0,-491.0,-496.0,-0.033,6.23
53027.0,-458.0,-818.0,-0.017,6.48
53032.0,106.0,-912.0,0.083,6.96
53038.0,-294.0,-999.0,0.05,6.72
53043.0,-407.0,-645.0,0.067,6.72
53048.0,-189.0,-797.0,0.025,5.01
53053.0,-77.0,-742.0,0.025,6.48
53058.0,-258.0,-1112.0,-0.042,6.48
53064.0,-244.0,-822.0,0.008,6.96
53069.0,-180.0,-819.0,0.025,6.96
53074.0,-17.0,-905.0,0.042,6.48
53080.0,-309.0,-682.0,-0.042,6.48
53084.0,-272.0,-703.0,0.008,6.96
53089.0,-346.0,-869.0,0.033,6.23
53094.0,-180.0,-842.0,0.117,6.48
53099.0,-91.0,-740.0,0.108,6.23
53105.0,-413.0,-614.0,0.025,6.48
53110.0,-139.0,-529.0,0.033,6.72
53115.0,-452.0,-637.0,0.017,6.48
53121.0,-210.0,-1065.0,-0.033,6.72
53126.0,26.0,-888.0,0.058,6.23
53131.0,187.0,-450.0,-0.008,6.96
53136.0,-69.0,-1006.0,0.0,6.48
53141.0,-155.0,-993.0,-0.008,6.23
53146.0,-12.0,-771.0,-0.033,6.48
53152.0,-126.0,-951.0,-0.008,6.72
53157.0,-266.0,-944.0,-0.033,6.23
53163.0,-169.0,-676.0,-0.075,6.48
53168.0,-215.0,-770.0,0.0,6.72
53173.0,-147.0,-541.0,0.033,6.48
53178.0,-94.0,-967.0,0.025,6.48
53183.0,-548.0,-777.0,0.033,6.96
53188.0,-100.0,-840.0,-0.033,6.96
53193.0,-3.0,-906.0,-0.008,6.23
53198.0,-5.0,-890.0,0.067,6.72
53203.0,-461.0,-873.0,0.183,6.96
53209.0,-282.0,-917.0,-0.033,6.48
53214.0,-206.0,-862.0,-0.008,6.48
53219.0,-3.0,-975.0,0.042,6.48
53224.0,-67.0,-819.0,-0.025,6.48
53229.0,-107.0,-716.0,0.033,6.48
53234.0,0.0,-1004.0,-0.058,6.48
53239.0,-174.0,-855.0,-0.05,6.96
53243.0,-143.0,-858.0,0.0,6.48
53250.0,-337.0,-1080.0,0.017,6.96
53255.0,-379.0,-927.0,-0.042,6.96
53259.0,-416.0,-563.0,0.117,6.23
53264.0,-415.0,-646.0,-0.008,6.72
53269.0,-176.0,-691.0,0.017,6.72
53274.0,156.0,-743.0,0.042,6.48
53279.0,-514.0,-826.0,0.042,6.72
53284.0,-143.0,-1028.0,0.033,6.23
53289.0,189.0,-824.0,0.05,6.23
53295.0,-149.0,-853.0,-0.033,6.48
53300.0,-436.0,-577.0,0.033,6.48
53306.0,-282.0,-537.0,-0.017,6.48
53310.0,-376.0,-722.0,0.133,6.72
53315.0,-405.0,-748.0,0.042,6.23
53321.0,-295.0,-802.0,-0.067,6.72
53326.0,-117.0,-577.0,0.1,6.72
53331.0,20.0,-1009.0,0.025,6.96
53337.0,-320.0,-999.0,0.083,6.48
53342.0,50.0,-898.0,-0.025,6.96
53347.0,63.0,-716.0,0.008,7.21
53352.0,89.0,-1136.0,0.058,6.96
53357.0,-177.0,-1191.0,0.033,6.48
53362.0,-146.0,-489.0,0.025,6.23
53367.0,-211.0,-768.0,0.05,6.48
53371.0,-168.0,-729.0,0.017,6.23
53377.0,-258.0,-628.0,0.017,6.23
53382.0,-312.0,-1073.0,0.083,6.23
53387.0,-381.0,-813.0,0.075,6.96
53392.0,-189.0,-886.0,0.108,6.72
53397.0,-120.0,-822.0,0.058,6.23
53402.0,-95.0,-965.0,0.058,6.72
53407.0,-109.0,-808.0,0.025,6.48
53412.0,22.0,-716.0,0.117,6.48
53416.0,140.0,-753.0,0.092,6.23
53422.0,-129.0,-1181.0,-0.017,5.25
53427.0,-170.0,-756.0,0.017,6.96
53431.0,-245.0,-1051.0,0.117,6.96
53436.0,108.0,-1028.0,0.067,6.23
53441.0,-161.0,-797.0,-0.042,6.48
53446.0,-33.0,-628.0,-0.033,6.72
53450.0,27.0,-629.0,0.0,6.72
53455.0,44.0,-814.0,-0.017,6.72
53460.0,-450.0,-869.0,-0.042,6.48
53466.0,-245.0,-391.0,-0.042,6.48
53471.0,29.0,-922.0,-0.058,6.48
53476.0,-180.0,-708.0,0.067,6.72
53480.0,-203.0,-575.0,0.008,6.23
53485.0,-235.0,-972.0,0.008,6.23
53489.0,-52.0,-1033.0,-0.033,6.48
53494.0,-112.0,-454.0,0.0,6.48
53499.0,-39.0,-330.0,0.042,6.23
53505.0,-331.0,-761.0,0.025,6.23
53510.0,-274.0,-1221.0,0.033,6.96
53515.0,93.0,-974.0,0.025,6.48
53520.0,27.0,-959.0,0.125,4.28
53524.0,-208.0,-1064.0,0.05,6.48
53529.0,-226.0,-565.0,0.017,6.72
53534.0,-217.0,-1015.0,0.075,6.96
53539.0,-441.0,-1124.0,0.067,6.48
53544.0,-155.0,-1253.0,0.058,6.48
53550.0,-182.0,-1174.0,-0.117,6.72
53555.0,-340.0,-819.0,-0.008,6.96
53560.0,-399.0,-585.0,0.008,6.48
53565.0,-155.0,-680.0,0.033,6.96
53570.0,-287.0,-892.0,-0.058,6.72
53575.0,-258.0,-510.0,0.033,6.48
53580.0,-178.0,-787.0,0.0,6.23
53585.0,-426.0,-941.0,0.067,6.23
53591.0,-443.0,-579.0,0.008,6.23
53596.0,-89.0,-870.0,0.017,6.48
53601.0,77.0,-740.0,0.025,6.48
53606.0,244.0,-966.0,0.058,6.23
53611.0,-130.0,-929.0,0.067,6.23
53617.0,-20.0,-623.0,0.05,6.72
53622.0,-121.0,-481.0,0.025,6.96
53627.0,-485.0,-590.0,0.042,6.48
53633.0,-338.0,-678.0,-0.008,6.48
53637.0,-243.0,-971.0,0.083,6.23
53642.0,-411.0,-421.0,0.067,6.72
53647.0,-42.0,-929.0,0.017,6.48
53652.0,-264.0,-954.0,0.05,6.96
53658.0,-498.0,-790.0,0.017,6.48
53663.0,-403.0,-448.0,0.017,6.48
53668.0,-209.0,-497.0,-0.05,6.48
53673.0,-277.0,-1017.0,-0.017,6.23
53679.0,-480.0,-1199.0,-0.008,6.48
53684.0,-155.0,-1138.0,-0.058,6.48
53689.0,-249.0,-992.0,0.067,6.23
53694.0,-68.0,-759.0,0.075,6.23
53698.0,-408.0,-872.0,0.067,6.23
53703.0,-81.0,-688.0,-0.042,6.48
53708.0,-523.0,-969.0,0.05,6.23
53714.0,-293.0,-489.0,-0.042,6.23
53720.0,-426.0,-985.0,0.033,6.48
53725.0,-206.0,-956.0,0.067,6.23
53730.0,-52.0,-1046.0,0.0,6.48
53735.0,-249.0,-862.0,0.075,6.23
53740.0,-113.0,-855.0,0.0,6.48
53745.0,-175.0,-707.0,0.042,6.23
53750.0,-332.0,-1091.0,-0.025,6.72
53755.0,-307.0,-598.0,0.117,6.48
53761.0,-146.0,-932.0,-0.025,6.48
53765.0,277.0,-787.0,0.125,6.48
53771.0,-199.0,-901.0,-0.025,6.96
53776.0,78.0,-775.0,0.125,6.72
53780.0,-4.0,-698.0,0.092,6.23
53786.0,-166.0,-980.0,-0.05,6.48
53790.0,-191.0,-677.0,0.05,6.72
53795.0,-477.0,-862.0,-0.008,6.48
53800.0,-118.0,-1168.0,0.033,6.23
53806.0,3.0,-867.0,-0.008,6.23
53811.0,-22.0,-537.0,0.042,6.48
53815.0,-129.0,-286.0,0.042,6.72
53820.0,119.0,-950.0,0.117,6.96
53825.0,-132.0,-843.0,0.067,6.48
53830.0,-108.0,-1134.0,0.042,6.48
53835.0,-21.0,-996.0,0.1,6.96
53839.0,-46.0,-647.0,0.092,6.23
53846.0,-90.0,-677.0,0.025,6.96
53850.0,7.0,-884.0,0.033,6.23
53855.0,59.0,-376.0,0.05,6.48
53860.0,-60.0,-392.0,-0.042,6.72
53865.0,-621.0,-895.0,0.1,6.48
53870.0,-249.0,-705.0,0.0,6.96
53875.0,-376.0,-952.0,0.0,6.48
53880.0,32.0,-750.0,-0.008,6.23
53885.0,-403.0,-778.0,0.025,6.96
53890.0,-150.0,-1007.0,0.05,6.48
53896.0,-232.0,-733.0,0.033,6.48
53900.0,-29.0,-762.0,0.067,6.72
53905.0,-95.0,-815.0,0.008,6.23
53910.0,50.0,-879.0,0.067,6.23
53915.0,-157.0,-790.0,0.067,6.48
53920.0,-223.0,-1006.0,-0.025,6.96
53925.0,-460.0,-875.0,0.042,6.23
53931.0,-296.0,-848.0,0.017,6.48
53935.0,-179.0,-823.0,-0.008,6.48
53940.0,-637.0,-678.0,0.083,6.23
53945.0,-382.0,-716.0,0.025,6.72
53950.0,75.0,-953.0,-0.125,6.48
53955.0,-179.0,-985.0,0.033,6.23
53959.0,-276.0,-1062.0,-0.033,6.23
53964.0,188.0,-769.0,0.033,6.23
53969.0,187.0,-1091.0,0.075,6.23
53975.0,-236.0,-1064.0,0.025,6.72
53980.0,-422.0,-1200.0,0.042,6.48
53985.0,-95.0,-1389.0,-0.025,6.48
53990.0,-1.0,-818.0,0.017,6.72
53994.0,-242.0,-901.0,0.075,6.48
53999.0,-154.0,-910.0,0.042,6.48
54005.0,10.0,-746.0,0.008,6.48
54009.0,3.0,-833.0,0.033,6.23
54014.0,-617.0,-789.0,0.117,6.96
54021.0,1.0,-857.0,0.042,6.48
54025.0,54.0,-732.0,0.05,6.48
54031.0,-146.0,-562.0,0.025,6.23
54035.0,-53.0,-483.0,-0.008,6.23
54040.0,29.0,-772.0,0.117,6.23
54045.0,-293.0,-264.0,0.0,6.23
54050.0,-342.0,-363.0,0.025,6.48
54055.0,-134.0,-243.0,0.042,6.23
54062.0,102.0,175.0,0.058,6.96
54066.0,179.0,30.0,0.05,6.96
54071.0,65.0,-42.0,0.058,6.48
54076.0,0.0,-391.0,0.092,6.48
54081.0,-70.0,-406.0,0.083,6.72
54086.0,10.0,-576.0,0.05,6.48
54091.0,-77.0,-767.0,0.017,6.48
54096.0,-155.0,-931.0,0.025,6.23
54102.0,-107.0,-1373.0,0.067,6.23
54107.0,-290.0,-1208.0,0.058,6.48
54112.0,44.0,-966.0,-0.025,7.94
54118.0,76.0,-1252.0,-0.008,6.23
54122.0,175.0,-921.0,0.017,6.23
54128.0,-425.0,-595.0,-0.025,6.72
54133.0,-187.0,-1267.0,0.025,6.48
54138.0,-262.0,-1584.0,0.033,6.96
54144.0,-510.0,-1076.0,-0.042,6.23
54149.0,-424.0,-1020.0,0.083,6.96
54154.0,-217.0,-973.0,0.0,6.23
54159.0,-425.0,-981.0,0.025,6.48
54165.0,113.0,-713.0,0.058,6.23
54169.0,-180.0,-802.0,0.058,6.48
54175.0,-34.0,-1054.0,0.083,6.48
54180.0,-94.0,-796.0,0.117,6.48
54185.0,-7.0,-641.0,0.092,6.48
54191.0,-117.0,-811.0,-0.042,6.48
54196.0,-223.0,-673.0,0.083,7.21
54201.0,-236.0,-706.0,-0.058,7.21
54206.0,-200.0,-646.0,0.042,6.72
54212.0,-220.0,-474.0,0.133,6.23
54216.0,-223.0,-833.0,0.017,6.48
54221.0,-327.0,-653.0,-0.008,6.48
54227.0,-265.0,-633.0,0.058,6.96
54232.0,-236.0,-836.0,0.058,6.23
54238.0,-26.0,-378.0,0.033,6.23
54243.0,-290.0,-346.0,-0.017,6.96
54248.0,-243.0,-295.0,0.042,6.23
54253.0,-155.0,-355.0,0.075,6.48
54258.0,25.0,-347.0,0.05,6.48
54263.0,-122.0,-246.0,-0.033,6.96
54268.0,-12.0,-318.0,0.058,6.48
54275.0,-394.0,-376.0,0.033,6.96
54279.0,-309.0,-457.0,0.092,6.23
54285.0,-79.0,-425.0,-0.042,6.23
54290.0,-439.0,-209.0,-0.05,6.48
54294.0,-434.0,106.0,0.05,6.48
54300.0,106.0,22.0,0.0,6.96
54305.0,320.0,-432.0,-0.017,6.72
54310.0,217.0,-305.0,-0.033,6.23
54316.0,-133.0,239.0,-0.033,6.23
54321.0,-65.0,169.0,0.092,6.96
54326.0,98.0,-22.0,0.075,6.48
54331.0,-80.0,-410.0,0.042,6.96
54336.0,142.0,-431.0,0.067,6.96
54340.0,-125.0,-62.0,0.167,6.23
54346.0,-283.0,-208.0,-0.008,6.23
54350.0,-224.0,-325.0,-0.025,6.23
54356.0,-376.0,-529.0,0.117,6.23
54362.0,-482.0,-327.0,0.033,6.96
54367.0,-301.0,-480.0,0.008,6.72
54372.0,-363.0,-484.0,-0.033,6.48
54377.0,-129.0,-456.0,0.05,6.48
54382.0,-312.0,-553.0,-0.042,6.48
54387.0,-140.0,-395.0,-0.083,6.23
54393.0,18.0,-669.0,-0.033,6.48
54397.0,-55.0,-862.0,0.033,6.48
54404.0,-349.0,-346.0,0.05,6.72
54409.0,29.0,-180.0,0.017,6.96
54413.0,-240.0,-361.0,0.083,6.23
54419.0,-618.0,-73.0,0.025,6.48
54424.0,146.0,-374.0,0.067,6.48
54428.0,505.0,-585.0,-0.033,6.48
54434.0,37.0,-379.0,-0.05,6.72
54438.0,-208.0,-332.0,-0.042,6.48
54444.0,-162.0,-364.0,0.1,6.48
54450.0,-312.0,-246.0,0.042,7.21
54454.0,-491.0,-599.0,0.033,6.23
54460.0,3.0,-683.0,0.058,6.48
54465.0,207.0,-629.0,0.025,6.96
54470.0,-8.0,-800.0,-0.125,6.23
54475.0,-152.0,-566.0,0.092,6.96
54480.0,88.0,-589.0,-0.025,6.96
54484.0,1.0,-330.0,0.092,6.48
54491.0,-291.0,-204.0,0.008,6.96
54495.0,-294.0,-613.0,0.1,6.23
54500.0,52.0,-539.0,0.033,6.48
54506.0,-562.0,-703.0,-0.017,6.23
54510.0,-363.0,-1670.0,0.058,6.96
54516.0,133.0,-2044.0,0.117,6.48
54521.0,213.0,-1636.0,-0.067,6.96
54526.0,-118.0,-1207.0,-0.008,6.72
54532.0,-361.0,-1407.0,0.125,6.23
54537.0,-99.0,-1248.0,0.058,6.48
54541.0,-42.0,-1115.0,-0.025,6.23
54547.0,-292.0,-1083.0,-0.05,6.72
54552.0,56.0,-870.0,0.058,6.23
54557.0,-171.0,-602.0,-0.292,6.72
54562.0,-27.0,-908.0,0.025,6.48
54567.0,-187.0,-523.0,0.075,6.96
54573.0,-10.0,-747.0,0.142,6.23
54578.0,-178.0,-377.0,0.183,7.21
54583.0,-312.0,-344.0,-0.017,6.23
54588.0,-173.0,-334.0,-0.083,6.72
54594.0,-359.0,-280.0,0.108,6.48
54599.0,5.0,-207.0,0.142,6.96
54603.0,-276.0,-457.0,0.058,6.48
54609.0,-184.0,-415.0,0.133,6.48
54614.0,-123.0,-182.0,-0.058,6.48
54620.0,-201.0,-418.0,-0.033,5.25
54625.0,107.0,-540.0,-0.058,6.23
54630.0,-45.0,-455.0,0.033,6.72
54635.0,26.0,-283.0,0.1,6.48
54640.0,-412.0,-118.0,0.075,6.48
54644.0,-287.0,-153.0,-0.125,6.72
54650.0,33.0,-513.0,-0.008,6.96
54656.0,-67.0,-506.0,-0.033,6.48
54661.0,34.0,-482.0,0.008,6.48
54666.0,-484.0,-514.0,0.042,6.48
54671.0,242.0,-507.0,-0.05,6.23
54676.0,61.0,-317.0,0.025,6.48
54681.0,-275.0,-637.0,-0.008,6.72
54686.0,65.0,-496.0,0.017,6.48
54691.0,-464.0,-778.0,0.008,6.48
54696.0,-324.0,-563.0,0.017,6.48
54701.0,-155.0,-512.0,0.033,6.48
54707.0,189.0,-324.0,-0.025,6.48
54712.0,-319.0,-281.0,0.092,7.94
54717.0,-240.0,-673.0,-0.042,6.48
54722.0,-280.0,-599.0,0.033,7.21
54727.0,-548.0,-738.0,0.025,6.48
54732.0,-473.0,-648.0,0.0,6.48
54737.0,-185.0,-1128.0,0.042,6.48
54743.0,-403.0,-843.0,0.05,6.96
54748.0,-356.0,-653.0,0.008,6.48
54754.0,-180.0,-805.0,0.008,6.48
54759.0,-106.0,-808.0,0.067,6.48
54764.0,173.0,-620.0,0.133,6.96
54769.0,111.0,-658.0,0.008,6.23
54774.0,-159.0,-791.0,0.017,6.23
54779.0,-222.0,-797.0,0.092,6.72
54785.0,-460.0,-385.0,0.058,6.48
54790.0,-38.0,-392.0,0.075,6.48
54795.0,-103.0,-742.0,0.083,6.23
54801.0,-57.0,-72.0,-0.033,6.23
54805.0,-335.0,-63.0,0.017,6.23
54810.0,-476.0,-277.0,0.017,6.48
54816.0,-74.0,-427.0,0.058,6.48
54821.0,-538.0,-696.0,0.1,6.72
54827.0,-559.0,-286.0,-0.017,6.72
54832.0,-469.0,-371.0,0.05,6.72
54836.0,-118.0,94.0,0.125,6.48
54841.0,-396.0,46.0,0.042,6.96
54846.0,-416.0,21.0,-0.092,7.45
54851.0,-343.0,-15.0,0.042,6.72
54857.0,21.0,165.0,0.117,6.48
54862.0,-401.0,-144.0,0.025,6.48
54866.0,-46.0,132.0,0.075,6.48
54872.0,404.0,65.0,0.083,6.23
54877.0,161.0,-112.0,0.0,6.48
54882.0,-221.0,128.0,0.033,6.23
54887.0,259.0,73.0,0.0,6.96
54892.0,22.0,3.0,0.033,6.72
54897.0,-478.0,88.0,0.067,6.48
54901.0,-315.0,-273.0,0.075,6.96
54907.0,243.0,-139.0,0.05,6.23
54913.0,151.0,-180.0,0.017,6.48
54917.0,-184.0,-478.0,0.008,6.96
54923.0,40.0,-346.0,0.017,6.48
54928.0,-102.0,-629.0,0.075,6.23
54933.0,-359.0,-677.0,-0.008,6.48
54938.0,-459.0,-682.0,0.067,6.72
54943.0,-169.0,-1421.0,0.067,6.72
54948.0,-48.0,-1931.0,-0.008,6.96
54953.0,-140.0,-1784.0,-0.083,6.48
54958.0,-47.0,-1715.0,0.067,6.48
54963.0,-33.0,-1504.0,0.017,6.48
54968.0,3.0,-1595.0,0.158,6.23
54973.0,-174.0,-1315.0,0.15,6.23
54978.0,58.0,-1216.0,0.025,6.48
54983.0,347.0,-1270.0,0.167,6.72
54988.0,30.0,-1253.0,0.025,6.96
54992.0,-382.0,-1138.0,-0.092,6.23
54999.0,-313.0,-1338.0,0.142,6.96
55004.0,-17.0,-1473.0,-0.017,6.48
55008.0,-232.0,-1421.0,0.033,6.72
55013.0,69.0,-1380.0,0.067,6.72
55018.0,35.0,-1291.0,0.0,6.48
55023.0,-90.0,-1023.0,-0.125,6.96
55028.0,-114.0,-1038.0,0.033,6.23
55033.0,153.0,-1188.0,0.008,6.23
55037.0,-156.0,-1297.0,0.192,6.23
55043.0,-508.0,-912.0,0.175,6.48
55048.0,-415.0,-854.0,0.017,6.23
55053.0,-243.0,-827.0,-0.017,6.23
55058.0,-252.0,-1211.0,-0.117,6.72
55063.0,-427.0,-1148.0,-0.108,6.23
55068.0,-7.0,-937.0,0.067,6.72
55073.0,-112.0,-979.0,0.117,6.48
55078.0,-406.0,-764.0,0.1,6.48
55084.0,-291.0,-372.0,0.142,6.23
55088.0,156.0,-351.0,0.017,6.48
55093.0,231.0,196.0,-0.025,6.23
55098.0,-533.0,65.0,0.05,6.72
55103.0,115.0,154.0,-0.1,6.72
55108.0,-8.0,-206.0,0.017,6.48
55112.0,124.0,-167.0,0.058,6.96
55117.0,-73.0,141.0,-0.017,6.23
55122.0,-306.0,0.0,-0.017,6.72
55128.0,41.0,140.0,0.083,6.48
55132.0,264.0,149.0,0.017,6.48
55137.0,117.0,-167.0,0.067,6.48
55141.0,-266.0,-58.0,-0.025,6.23
55146.0,254.0,49.0,0.0,6.48
55151.0,1.0,396.0,-0.008,6.48
55156.0,-177.0,19.0,-0.075,6.48
55160.0,-462.0,259.0,0.033,6.72
55165.0,44.0,220.0,0.117,6.48
55171.0,-29.0,132.0,0.025,6.23
55176.0,-196.0,175.0,0.05,6.48
55181.0,-173.0,-419.0,0.083,6.23
55185.0,-158.0,-1194.0,-0.017,6.96
55190.0,-494.0,-863.0,0.133,6.23
55195.0,-289.0,-673.0,-0.017,6.72
55200.0,217.0,-474.0,0.067,6.48
55205.0,-26.0,-464.0,0.092,6.23
55211.0,-437.0,-591.0,0.1,6.72
55216.0,-105.0,-683.0,0.083,6.48
55221.0,6.0,-867.0,0.058,6.72
55226.0,-266.0,-866.0,0.05,6.48
55231.0,32.0,-712.0,-0.017,7.45
55236.0,3.0,-1006.0,0.0,6.23
55241.0,-209.0,-1261.0,0.058,6.96
55246.0,-327.0,-991.0,0.075,6.23
55251.0,-358.0,-1249.0,0.1,6.48
55257.0,22.0,-1196.0,-0.033,6.96
55263.0,22.0,-1404.0,-0.008,6.48
55268.0,93.0,-1350.0,0.067,6.48
55273.0,-217.0,-1425.0,0.058,6.48
55278.0,93.0,-1476.0,0.05,6.72
55282.0,-248.0,-1349.0,-0.075,6.48
55287.0,-200.0,-1670.0,-0.017,6.23
55292.0,1.0,-1686.0,-0.092,6.23
55298.0,85.0,-1905.0,0.05,6.23
55304.0,-261.0,-2079.0,-0.025,6.48
55309.0,-210.0,-2149.0,0.058,6.23
55313.0,37.0,-2030.0,0.017,6.23
55318.0,32.0,-2020.0,-0.017,6.48
55323.0,-349.0,-1927.0,0.2,6.48
55328.0,-275.0,-2753.0,0.017,6.48
55333.0,-200.0,-2489.0,0.025,6.96
55339.0,-117.0,-2254.0,0.167,6.48
55344.0,21.0,-2172.0,0.008,6.48
55349.0,-100.0,-2115.0,-0.033,6.23
55354.0,-144.0,-1610.0,-0.008,6.96
55359.0,-293.0,-1422.0,0.05,6.48
55363.0,24.0,-1359.0,-0.033,6.48
55369.0,-166.0,-1427.0,-0.017,6.96
55374.0,-407.0,-919.0,0.083,6.23
55379.0,-293.0,-940.0,0.017,6.23
55385.0,125.0,-1302.0,-0.008,6.23
55390.0,50.0,-838.0,0.017,6.96
55395.0,28.0,-669.0,0.008,6.23
55400.0,-322.0,-1229.0,-0.042,5.99
55405.0,-289.0,-1369.0,0.15,6.72
55410.0,-414.0,-1216.0,0.067,6.23
55415.0,-191.0,-1142.0,0.042,6.48
55419.0,-236.0,-1149.0,0.05,6.96
55426.0,-576.0,-1049.0,0.117,6.48
55431.0,-459.0,-1069.0,-0.017,6.48
55435.0,-346.0,-1112.0,-0.092,6.72
55441.0,-476.0,-964.0,0.075,6.48
55445.0,-385.0,-1029.0,0.033,6.23
55450.0,-383.0,-780.0,-0.042,6.72
55455.0,-468.0,-760.0,-0.033,6.72
55460.0,55.0,-405.0,-0.117,6.72
55465.0,49.0,-445.0,-0.017,6.48
55471.0,50.0,-828.0,-0.008,7.21
55476.0,232.0,-947.0,0.075,6.48
55480.0,-211.0,-682.0,0.033,7.45
55485.0,135.0,-1061.0,0.133,7.21
55490.0,-294.0,-1127.0,-0.042,6.48
55495.0,-133.0,-1098.0,0.117,6.96
55500.0,19.0,-1214.0,0.142,6.23
55505.0,-96.0,-1033.0,0.108,6.48
55511.0,-206.0,-1108.0,0.058,6.48
55516.0,-34.0,-1164.0,0.042,6.23
55521.0,-231.0,-1267.0,-0.067,6.23
55526.0,-223.0,-1206.0,-0.042,6.48
55530.0,58.0,-1311.0,0.0,6.23
55535.0,-512.0,-826.0,0.0,6.96
55540.0,-349.0,-878.0,-0.042,6.96
55544.0,-382.0,-1023.0,0.025,6.48
55550.0,162.0,-1325.0,0.067,7.21
55555.0,-115.0,-1194.0,0.058,6.48
55560.0,-227.0,-1077.0,0.108,6.23
55566.0,291.0,-1507.0,0.067,6.48
55571.0,-30.0,-1538.0,0.142,6.96
55575.0,-164.0,-1349.0,0.092,6.23
55580.0,-79.0,-1152.0,-0.067,7.21
55585.0,-59.0,-1197.0,0.017,6.48
55590.0,107.0,-1331.0,0.05,6.23
55596.0,-160.0,-1006.0,-0.042,6.23
55601.0,-328.0,-991.0,-0.033,6.48
55605.0,-257.0,-968.0,0.025,6.48
55610.0,-221.0,-841.0,-0.033,6.23
55616.0,-113.0,-841.0,-0.092,6.96
55620.0,44.0,-972.0,0.058,6.72
55626.0,-38.0,-1182.0,-0.058,6.23
55631.0,-446.0,-1038.0,0.0,6.72
55636.0,-183.0,-1377.0,-0.008,6.48
55642.0,-325.0,-1213.0,0.092,6.48
55648.0,21.0,-1055.0,-0.008,6.48
55652.0,-130.0,-1254.0,0.133,6.96
55657.0,-70.0,-931.0,0.058,6.72
55662.0,-63.0,-1066.0,-0.033,6.48
55666.0,-227.0,-1169.0,-0.05,6.48
55672.0,-187.0,-1105.0,-0.067,6.23
55677.0,-66.0,-900.0,-0.017,6.48
55683.0,-256.0,-890.0,0.033,6.23
55688.0,-198.0,-990.0,0.017,6.96
55693.0,-327.0,-1457.0,-0.05,6.48
55698.0,37.0,-1327.0,0.025,6.48
55704.0,-257.0,-1275.0,0.017,6.48
55708.0,-490.0,-1102.0,0.033,6.48
55713.0,-4.0,-1105.0,0.033,7.21
55718.0,163.0,-1066.0,-0.017,6.72
55723.0,282.0,-1065.0,0.083,6.48
55728.0,-317.0,-934.0,0.15,6.23
55733.0,-425.0,-707.0,0.033,6.72
55738.0,-75.0,-1161.0,0.0,6.72
55743.0,-326.0,-924.0,0.042,5.99
55748.0,-332.0,-1012.0,-0.025,6.48
55753.0,-64.0,-798.0,-0.033,6.48
55758.0,23.0,-779.0,-0.058,6.48
55763.0,45.0,-1055.0,0.017,6.48
55770.0,-437.0,-1075.0,-0.017,6.48
55774.0,-190.0,-1116.0,0.133,6.48
55780.0,-294.0,-888.0,0.042,6.72
55785.0,0.0,-1342.0,0.042,6.23
55790.0,25.0,-1381.0,0.133,6.72
55795.0,73.0,-1175.0,0.058,6.48
55800.0,55.0,-1125.0,0.067,6.48
55805.0,-210.0,-1176.0,0.058,6.72
55811.0,282.0,-903.0,0.108,6.96
55816.0,-184.0,-915.0,-0.008,6.48
55821.0,53.0,-1066.0,0.1,6.96
55826.0,-223.0,-650.0,-0.008,6.96
55832.0,-231.0,-776.0,0.017,6.72
55836.0,-350.0,-675.0,-0.025,6.23
55842.0,-152.0,-855.0,-0.008,6.23
55847.0,-198.0,-1169.0,-0.008,6.48
55853.0,-159.0,-1336.0,-0.067,6.96
55858.0,-315.0,-962.0,0.092,6.23
55863.0,23.0,-1612.0,0.033,6.48
55868.0,-188.0,-1863.0,0.158,6.23
55873.0,-430.0,-1477.0,0.083,6.23
55879.0,-82.0,-1149.0,0.042,6.23
55883.0,181.0,-1336.0,0.108,6.48
55889.0,-407.0,-934.0,0.033,6.96
55895.0,-289.0,-668.0,0.017,6.23
55900.0,60.0,-677.0,-0.075,6.72
55905.0,68.0,-847.0,0.05,6.48
55910.0,-222.0,-949.0,-0.033,6.72
55915.0,145.0,-942.0,0.067,6.96
55920.0,-7.0,-1080.0,0.042,6.48
55926.0,-669.0,-580.0,0.008,6.72
55930.0,-676.0,-563.0,0.117,6.48
55937.0,-260.0,-1135.0,0.025,6.48
55942.0,-112.0,-1091.0,0.158,6.48
55947.0,-221.0,-1150.0,0.075,6.96
55952.0,-319.0,-998.0,0.092,6.23
55958.0,-273.0,-778.0,0.058,6.48
55963.0,-569.0,-1006.0,0.067,6.48
55967.0,-110.0,-931.0,0.017,6.23
55973.0,-142.0,-985.0,0.008,6.23
55979.0,-246.0,-977.0,0.067,6.23
55984.0,-227.0,-1038.0,-0.025,6.48
55989.0,-251.0,-898.0,-0.025,6.23
55995.0,-449.0,-1276.0,0.017,6.48
55999.0,-244.0,-1107.0,0.033,6.23
56005.0,-356.0,-1133.0,0.017,7.21
56010.0,-164.0,-1329.0,0.067,6.96
56015.0,-283.0,-1016.0,0.108,6.23
56020.0,-523.0,-1330.0,0.017,6.48
56027.0,-237.0,-1080.0,0.033,6.72
56032.0,-5.0,-731.0,0.083,6.96
56036.0,-340.0,-590.0,-0.025,6.23
56041.0,-170.0,-870.0,0.05,6.48
56046.0,209.0,-1165.0,0.083,6.72
56051.0,-25.0,-975.0,0.042,6.23
56057.0,51.0,-1043.0,0.075,6.23
56061.0,46.0,-968.0,0.025,6.48
56068.0,-50.0,-1178.0,0.017,6.23
56072.0,-182.0,-1043.0,0.0,6.48
56077.0,-433.0,-894.0,0.083,6.72
56082.0,129.0,-726.0,0.0,6.48
56087.0,56.0,-647.0,0.0,6.48
56092.0,-516.0,-779.0,0.058,6.96
56098.0,132.0,-191.0,0.017,6.48
56102.0,231.0,-606.0,-0.025,6.48
56108.0,-121.0,-454.0,0.075,6.72
56114.0,-199.0,-820.0,0.0,6.48
56118.0,-418.0,-501.0,0.042,6.48
56124.0,-220.0,-305.0,-0.033,7.21
56129.0,-306.0,-673.0,0.0,6.48
56134.0,21.0,-674.0,0.05,6.48
56139.0,-201.0,-760.0,0.033,6.48
56144.0,13.0,-777.0,0.092,6.48
56148.0,-134.0,-1100.0,0.067,6.23
56155.0,-518.0,-1020.0,-0.025,6.48
56159.0,-243.0,-1351.0,0.1,6.48
56165.0,23.0,-1331.0,0.025,6.23
56170.0,-385.0,-1253.0,0.042,6.48
56175.0,-257.0,-928.0,0.025,7.21
56180.0,-166.0,-1535.0,0.025,6.48
56185.0,-528.0,-1411.0,0.025,6.72
56190.0,-277.0,-1310.0,0.008,6.96
56196.0,-35.0,-1054.0,0.025,6.48
56202.0,-47.0,-1046.0,0.042,6.48
56206.0,-214.0,-939.0,0.075,6.96
56212.0,-60.0,-883.0,0.033,6.48
56217.0,96.0,-1293.0,-0.058,6.72
56221.0,-271.0,-1178.0,0.0,6.23
56227.0,-417.0,-1344.0,0.017,6.72
56232.0,-109.0,-1652.0,0.025,6.72
56238.0,-461.0,-1411.0,0.083,6.48
56243.0,-574.0,-1696.0,-0.017,6.96
56248.0,-178.0,-1370.0,0.033,6.48
56253.0,-11.0,-1265.0,0.083,6.48
56258.0,-231.0,-1589.0,0.025,6.23
56264.0,-69.0,-1735.0,0.05,6.23
56269.0,81.0,-1602.0,0.017,6.72
56274.0,40.0,-966.0,0.0,6.23
56280.0,-16.0,-1626.0,0.025,5.01
56285.0,128.0,-1719.0,0.058,6.72
56290.0,-63.0,-1451.0,0.025,6.48
56295.0,-379.0,-1283.0,0.033,6.48
56300.0,-211.0,-1392.0,0.05,6.72
56305.0,-94.0,-1285.0,-0.025,6.72
56310.0,-130.0,-1354.0,0.042,6.23
56315.0,-387.0,-1181.0,0.025,6.48
56321.0,-213.0,-1669.0,0.033,6.96
56326.0,-287.0,-1264.0,0.075,6.23
56331.0,-446.0,-933.0,0.0,6.23
56335.0,228.0,-1102.0,0.058,6.48
56340.0,223.0,-915.0,-0.058,6.48
56345.0,95.0,-887.0,-0.017,6.72
56350.0,37.0,-776.0,0.108,6.23
56355.0,-22.0,-1068.0,-0.025,6.48
56361.0,-416.0,-782.0,0.075,6.72
56367.0,28.0,-607.0,-0.008,6.48
56372.0,41.0,-971.0,0.133,7.21
56377.0,-59.0,-699.0,-0.008,6.48
56382.0,-183.0,-1112.0,-0.117,6.23
56387.0,-508.0,-1018.0,-0.075,6.23
56392.0,-194.0,-1086.0,0.008,6.72
56397.0,-132.0,-1345.0,0.025,7.21
56402.0,21.0,-1339.0,0.083,6.48
56409.0,-105.0,-1351.0,0.042,6.96
56414.0,279.0,-1398.0,0.042,6.48
56418.0,292.0,-1121.0,0.05,6.96
56423.0,-654.0,-1072.0,0.058,6.96
56428.0,-491.0,-1131.0,0.092,6.72
56433.0,73.0,-1389.0,0.008,6.72
56438.0,-477.0,-1046.0,0.008,6.72
56443.0,-604.0,-1289.0,0.092,6.96
56449.0,-340.0,-977.0,0.008,6.48
56454.0,-16.0,-1138.0,0.058,6.48
56459.0,-235.0,-1006.0,0.017,6.23
56465.0,-299.0,-1138.0,0.025,6.48
56470.0,-209.0,-973.0,0.008,6.48
56475.0,-244.0,-921.0,0.033,6.23
56480.0,-20.0,-825.0,-0.042,6.48
56485.0,32.0,-1140.0,0.125,6.23
56491.0,-329.0,-1226.0,0.058,6.48
56496.0,-513.0,-1278.0,0.025,5.99
56501.0,-381.0,-1331.0,0.008,6.96
56506.0,-212.0,-1112.0,0.067,6.23
56511.0,-378.0,-849.0,-0.008,6.23
56515.0,-99.0,-1104.0,0.0,6.23
56521.0,-5.0,-1098.0,-0.033,6.48
56526.0,67.0,-1175.0,-0.092,6.23
56531.0,-164.0,-957.0,0.025,6.48
56537.0,74.0,-943.0,0.042,6.96
56542.0,134.0,-884.0,-0.017,6.23
56547.0,43.0,-1164.0,0.017,6.72
56552.0,55.0,-1130.0,0.033,6.48
56557.0,239.0,-1021.0,0.083,6.96
56562.0,80.0,-971.0,-0.017,6.23
56568.0,-48.0,-1133.0,0.058,6.48
56573.0,18.0,-930.0,0.033,6.23
56578.0,97.0,-1264.0,-0.008,6.48
56584.0,301.0,-1222.0,-0.008,6.48
56589.0,49.0,-1261.0,0.008,6.48
56594.0,-200.0,-1097.0,-0.008,6.23
56599.0,-192.0,-805.0,0.1,6.96
56604.0,-180.0,-962.0,-0.025,6.48
56609.0,-307.0,-1354.0,0.033,6.72
56615.0,335.0,-1496.0,-0.008,6.48
56621.0,-411.0,-1227.0,0.075,6.23
56625.0,-442.0,-1094.0,0.058,6.23
56630.0,-282.0,-1267.0,0.092,6.48
56635.0,-270.0,-1738.0,0.0,6.96
56640.0,-81.0,-1378.0,-0.008,6.48
56645.0,-311.0,-1193.0,-0.033,6.48
56650.0,-426.0,-1246.0,0.058,6.48
56655.0,-316.0,-1142.0,0.058,6.23
56660.0,-668.0,-1235.0,0.033,6.23
56666.0,-373.0,-1341.0,0.042,6.96
56671.0,200.0,-1228.0,0.033,6.23
56675.0,105.0,-1105.0,-0.025,6.48
56681.0,-75.0,-1139.0,0.075,6.48
56686.0,-465.0,-1160.0,0.025,6.48
56691.0,-308.0,-1242.0,0.067,6.23
56695.0,-401.0,-1143.0,0.025,6.23
56700.0,-253.0,-1128.0,-0.025,6.72
56706.0,-278.0,-1084.0,-0.008,6.72
56711.0,-268.0,-1131.0,-0.017,6.23
56716.0,-187.0,-1000.0,-0.042,6.48
56721.0,-333.0,-1028.0,0.05,6.23
56726.0,-289.0,-1155.0,0.1,6.48
56731.0,-502.0,-1417.0,0.058,6.48
56736.0,-539.0,-1236.0,0.067,6.48
56741.0,-157.0,-1105.0,0.058,6.96
56747.0,-42.0,-1105.0,0.0,6.23
56752.0,58.0,-1078.0,0.033,6.96
56757.0,-419.0,-1020.0,0.025,6.96
56762.0,-82.0,-1171.0,0.1,6.23
56767.0,40.0,-1152.0,0.05,6.23
56771.0,-35.0,-1068.0,-0.025,6.48
56776.0,59.0,-1047.0,-0.017,6.48
56781.0,40.0,-1103.0,0.1,6.48
56786.0,7.0,-1156.0,0.025,6.48
56791.0,-490.0,-1199.0,0.15,6.96
56796.0,-308.0,-882.0,0.033,6.48
56801.0,-158.0,-1403.0,-0.025,6.23
56806.0,-255.0,-1303.0,0.025,6.48
56811.0,-469.0,-1080.0,0.075,6.72
56816.0,7.0,-961.0,-0.008,6.48
56821.0,-14.0,-1182.0,0.058,6.23
56826.0,-112.0,-1303.0,0.025,6.48
56832.0,183.0,-1153.0,-0.067,6.23
56837.0,-77.0,-878.0,-0.025,6.48
56842.0,-114.0,-812.0,0.075,6.23
56846.0,-243.0,-1143.0,-0.025,7.21
56851.0,-257.0,-752.0,0.05,6.23
56856.0,-110.0,-1278.0,0.008,6.23
56861.0,-92.0,-1339.0,-0.067,6.23
56866.0,11.0,-1197.0,0.083,6.23
56871.0,-148.0,-1508.0,-0.15,6.48
56877.0,-46.0,-1213.0,-0.008,6.48
56882.0,-341.0,-1127.0,-0.017,6.72
56887.0,-203.0,-1314.0,0.033,6.48
56892.0,66.0,-1098.0,0.017,6.96
56896.0,155.0,-923.0,0.025,6.48
56901.0,-429.0,-932.0,0.017,6.23
56906.0,-566.0,-1078.0,0.008,6.48
56911.0,-178.0,-1385.0,0.033,6.48
56916.0,-185.0,-981.0,0.008,6.23
56922.0,-8.0,-1228.0,0.042,6.23
56926.0,-40.0,-1241.0,-0.067,6.23
56931.0,-267.0,-1162.0,-0.017,6.48
56936.0,-187.0,-1129.0,0.0,6.48
56941.0,-458.0,-1029.0,0.017,6.72
56946.0,-568.0,-1240.0,-0.117,7.45
56951.0,-416.0,-1023.0,0.017,6.96
56956.0,-189.0,-1263.0,0.008,6.96
56962.0,129.0,-1204.0,0.05,6.48
56968.0,125.0,-1254.0,0.083,6.48
56973.0,22.0,-1338.0,0.042,6.48
56977.0,-28.0,-1033.0,0.033,6.48
56983.0,200.0,-1345.0,-0.058,6.96
56988.0,33.0,-1055.0,0.042,6.23
56993.0,-327.0,-1344.0,0.167,6.72
56998.0,-307.0,-1505.0,0.108,6.96
57004.0,-390.0,-1355.0,0.042,6.72
57009.0,-200.0,-1244.0,0.108,6.48
57014.0,-304.0,-1282.0,0.083,7.94
57019.0,-47.0,-1600.0,-0.058,6.96
57024.0,-125.0,-1713.0,0.067,6.72
57029.0,7.0,-1480.0,0.125,6.23
57034.0,84.0,-1171.0,0.025,7.7
57039.0,-18.0,-1098.0,0.033,6.23
57044.0,-229.0,-1356.0,0.083,6.48
57050.0,-635.0,-1249.0,0.042,6.23
57055.0,-481.0,-1459.0,0.125,6.23
57060.0,-534.0,-1037.0,-0.033,6.72
57065.0,-7.0,-1294.0,0.108,6.48
57070.0,-265.0,-1110.0,0.092,6.48
57075.0,148.0,-1056.0,0.067,6.48
57080.0,-224.0,-1167.0,0.058,6.23
57086.0,130.0,-1087.0,0.075,6.48
57092.0,37.0,-743.0,0.058,6.72
57097.0,217.0,-930.0,0.017,6.48
57102.0,-187.0,-974.0,0.017,6.72
57107.0,-310.0,-1394.0,0.042,6.23
57112.0,-277.0,-1291.0,0.092,6.48
57117.0,-233.0,-1029.0,0.075,6.48
57122.0,-294.0,-500.0,0.008,7.21
57127.0,52.0,-1037.0,0.033,6.48
57133.0,-43.0,-959.0,0.033,6.48
57137.0,71.0,-1024.0,0.017,6.48
57143.0,-289.0,-1136.0,0.017,6.48
57148.0,-232.0,-1152.0,-0.067,6.48
57152.0,-445.0,-1187.0,0.042,6.48
57158.0,-279.0,-833.0,0.075,6.48
57162.0,-294.0,-1036.0,-0.033,6.48
57167.0,-236.0,-1061.0,0.025,6.72
57172.0,-297.0,-1227.0,-0.058,6.48
57178.0,-212.0,-958.0,-0.075,6.72
57183.0,10.0,-1086.0,0.0,6.48
57188.0,-165.0,-1227.0,-0.05,6.72
57193.0,-473.0,-1068.0,0.042,6.96
57198.0,-450.0,-1344.0,0.058,6.23
57202.0,-33.0,-1459.0,0.108,6.48
57208.0,-161.0,-1281.0,0.108,6.72
57212.0,-290.0,-1392.0,0.092,6.48
57218.0,-82.0,-987.0,0.092,6.23
57223.0,179.0,-1381.0,0.042,6.48
57228.0,90.0,-1372.0,-0.017,6.48
57233.0,106.0,-1218.0,0.033,7.21
57238.0,219.0,-1635.0,0.025,6.72
57243.0,-29.0,-1366.0,0.0,6.23
57248.0,-182.0,-1140.0,0.017,6.48
57252.0,-11.0,-1391.0,0.025,6.23
57259.0,-97.0,-1205.0,-0.083,6.23
57263.0,100.0,-1756.0,0.058,6.48
57268.0,6.0,-1295.0,0.0,6.48
57273.0,-303.0,-1153.0,0.067,6.48
57278.0,-66.0,-1080.0,0.042,6.23
57283.0,-128.0,-1414.0,0.058,6.72
57288.0,-455.0,-1387.0,0.042,6.96
57293.0,-81.0,-1348.0,-0.033,6.48
57298.0,-178.0,-1164.0,0.042,6.48
57303.0,-453.0,-775.0,0.05,6.23
57309.0,-401.0,-1245.0,-0.067,6.23
57313.0,-214.0,-1226.0,0.133,6.96
57318.0,-174.0,-1049.0,-0.008,6.48
57324.0,-112.0,-1081.0,0.042,6.23
57328.0,-433.0,-1340.0,0.017,6.72
57333.0,-63.0,-1319.0,0.067,6.48
57338.0,-298.0,-1124.0,0.1,6.23
57344.0,-326.0,-853.0,0.075,6.23
57349.0,218.0,-1141.0,0.067,6.48
57354.0,231.0,-1038.0,0.033,6.48
57359.0,-61.0,-901.0,-0.008,6.72
57363.0,116.0,-1206.0,0.108,7.7
57368.0,-128.0,-1211.0,-0.017,6.23
57374.0,-140.0,-689.0,0.067,6.72
57378.0,159.0,-1146.0,0.008,6.72
57383.0,-71.0,-1163.0,0.042,5.25
57389.0,-218.0,-1266.0,0.033,6.72
57394.0,-30.0,-1009.0,0.042,6.96
57399.0,-214.0,-1351.0,0.05,6.48
57404.0,-53.0,-976.0,0.008,6.48
57409.0,197.0,-845.0,0.008,6.48
57413.0,54.0,-1532.0,0.05,6.72
57418.0,-160.0,-1291.0,-0.017,6.96
57424.0,-364.0,-1521.0,0.05,6.72
57428.0,-153.0,-1314.0,0.05,6.72
57434.0,23.0,-1323.0,0.008,6.23
57439.0,-56.0,-1360.0,0.058,6.72
57444.0,-162.0,-1345.0,0.058,6.48
57449.0,-386.0,-1223.0,0.058,6.48
57454.0,-269.0,-1102.0,0.083,6.96
57459.0,-353.0,-877.0,0.042,6.23
57463.0,-44.0,-966.0,0.042,6.48
57468.0,-376.0,-1325.0,-0.017,6.96
57475.0,-312.0,-1061.0,0.033,6.48
57479.0,113.0,-668.0,-0.042,6.72
57485.0,139.0,-582.0,-0.008,6.48
57490.0,-485.0,-550.0,-0.017,6.48
57494.0,-606.0,-1005.0,0.033,6.96
57499.0,12.0,-1194.0,-0.017,6.72
57504.0,-85.0,-1045.0,0.017,6.48
57509.0,-305.0,-1156.0,0.0,6.48
57515.0,-261.0,-1428.0,0.05,6.48
57520.0,2.0,-1609.0,0.1,6.48
57525.0,-124.0,-1913.0,0.017,6.23
57531.0,-194.0,-2879.0,-0.083,6.96
57535.0,-411.0,-6796.0,-1.208,6.23
57540.0,-283.0,-186807.0,-4.642,6.23
57546.0,-257.0,-394635.0,-6.725,6.48
57551.0,-288.0,-469468.0,-5.867,6.23
57556.0,-224.0,-561173.0,-3.925,6.72
57562.0,26.0,-598963.0,-1.317,6.48
57567.0,-71.0,-597780.0,-1.15,6.72
57572.0,-191.0,-592747.0,-2.525,6.48
57577.0,-329.0,-584021.0,-4.092,6.72
57582.0,-776.0,-587762.0,-4.358,6.48
57587.0,-252.0,-620813.0,-3.783,6.23
57593.0,-508.0,-675309.0,-2.775,6.23
57597.0,-613.0,-708068.0,-2.642,6.96
57604.0,-123.0,-757059.0,-3.617,6.23
57609.0,135.0,-749259.0,-4.0,6.48
57614.0,8.0,-738874.0,-3.725,6.23
57619.0,-244.0,-729917.0,-3.067,6.48
57624.0,-346.0,-709229.0,-2.508,6.23
57629.0,-351.0,-707534.0,-2.742,6.23
57634.0,191.0,-715611.0,-3.2,6.23
57640.0,-295.0,-738711.0,-3.25,6.23
57645.0,-242.0,-744222.0,-3.15,6.23
57650.0,-12.0,-749549.0,-2.958,6.23
57656.0,-322.0,-753745.0,-2.858,6.48
57661.0,-267.0,-757880.0,-2.85,7.94
57666.0,-107.0,-764707.0,-3.117,6.23
57671.0,-121.0,-787321.0,-3.325,6.23
57676.0,18.0,-792974.0,-3.108,6.23
57681.0,156.0,-798259.0,-2.717,6.48
57688.0,-310.0,-806571.0,-2.783,6.23
57692.0,-69.0,-809196.0,-2.9,6.23
57698.0,-371.0,-814104.0,-2.942,6.96
57703.0,-97.0,-816060.0,-2.983,6.23
57709.0,-337.0,-815128.0,-2.917,6.48
57713.0,-100.0,-813071.0,-2.608,6.72
57719.0,76.0,-806661.0,-2.608,6.23
57725.0,-62.0,-798293.0,-2.642,6.48
57731.0,-68.0,-790369.0,-2.683,6.23
57736.0,-61.0,-785856.0,-2.25,6.72
57741.0,-203.0,-778006.0,-1.7,6.23
57747.0,-335.0,-770424.0,-1.333,6.23
57751.0,-614.0,-766167.0,-2.167,6.23
57756.0,-143.0,-761328.0,-2.167,6.48
57762.0,-555.0,-745132.0,-1.9,6.23
57766.0,-22.0,-738673.0,-1.342,6.23
57773.0,150.0,-725053.0,-0.908,6.72
57778.0,-88.0,-712435.0,-1.017,6.48
57783.0,3.0,-706890.0,-1.733,6.23
57788.0,-70.0,-696740.0,-1.35,6.23
57793.0,366.0,-688724.0,-0.592,6.23
57798.0,91.0,-684951.0,-0.883,6.72
57804.0,-397.0,-679167.0,-1.45,6.23
57809.0,-143.0,-675349.0,-1.425,6.23
57816.0,-249.0,-672407.0,-0.917,6.48
57820.0,-570.0,-672058.0,-1.583,6.23
57826.0,-12.0,-671696.0,-0.592,6.23
57831.0,-144.0,-671410.0,-0.508,6.23
57837.0,-422.0,-671557.0,-0.833,6.23
57841.0,-357.0,-672316.0,-1.283,5.99
57847.0,-73.0,-673630.0,-0.592,6.23
57852.0,-387.0,-674193.0,-0.4,6.48
57857.0,-206.0,-674592.0,-0.7,6.23
57863.0,-530.0,-674618.0,-0.958,6.72
57868.0,138.0,-674357.0,-0.475,5.99
57873.0,-193.0,-673848.0,-0.433,5.99
57878.0,-411.0,-673388.0,-0.767,6.23
57883.0,-145.0,-673837.0,-0.542,5.99
57888.0,-180.0,-675332.0,-0.092,5.99
57894.0,58.0,-677586.0,0.358,6.23
57900.0,182.0,-678711.0,-0.25,6.23
57904.0,15.0,-681410.0,-0.533,5.99
57910.0,-237.0,-683438.0,-0.042,6.72
57915.0,-231.0,-684229.0,0.225,6.23
57920.0,-112.0,-686226.0,0.417,5.99
57925.0,-132.0,-688876.0,0.433,6.23
57930.0,-156.0,-690533.0,0.025,5.99
57935.0,-117.0,-694204.0,0.142,6.23
57940.0,-211.0,-698446.0,0.408,5.99
57946.0,-507.0,-700577.0,0.358,7.21
57951.0,-480.0,-705598.0,0.233,6.48
57957.0,-244.0,-708906.0,0.433,5.99
57962.0,-492.0,-710317.0,0.408,7.45
57966.0,-547.0,-714906.0,0.442,5.99
57972.0,-213.0,-718118.0,0.45,5.74
57977.0,-29.0,-720169.0,0.467,6.23
57982.0,-74.0,-724262.0,0.433,6.48
57988.0,-390.0,-727500.0,0.45,5.99
57993.0,-392.0,-728971.0,0.458,5.99
57998.0,-455.0,-731928.0,0.333,5.99
58004.0,-183.0,-734128.0,0.475,6.48
58009.0,-323.0,-735319.0,0.467,5.99
58013.0,28.0,-738424.0,0.383,6.72
58019.0,-154.0,-741696.0,0.475,6.48
58024.0,-90.0,-742575.0,0.5,6.72
58029.0,-241.0,-744692.0,0.525,6.48
58035.0,73.0,-747134.0,0.45,5.74
58040.0,-161.0,-748749.0,0.542,5.99
58045.0,-158.0,-750938.0,0.55,6.48
58050.0,2.0,-753774.0,0.567,5.99
58055.0,-212.0,-754463.0,0.483,5.99
58060.0,-33.0,-757573.0,0.55,5.99
58066.0,-283.0,-760349.0,0.617,5.99
58072.0,91.0,-761902.0,0.433,5.99
58077.0,36.0,-764681.0,0.6,5.74
58082.0,-272.0,-767197.0,0.608,5.99
58087.0,-100.0,-768508.0,0.558,6.72
58092.0,-221.0,-771095.0,0.55,7.7
58097.0,-289.0,-773285.0,0.525,5.99
58102.0,-51.0,-774920.0,0.65,5.99
58107.0,-110.0,-777163.0,0.508,5.99
58114.0,-278.0,-778833.0,0.7,5.99
58119.0,2.0,-779298.0,0.567,5.99
58123.0,-73.0,-780003.0,0.6,5.99
58129.0,-239.0,-780275.0,0.567,5.74
58134.0,-1.0,-780156.0,0.625,5.99
58139.0,4.0,-779954.0,0.633,5.99
58144.0,-232.0,-779904.0,0.575,6.48
58149.0,-146.0,-780059.0,0.617,6.23
58155.0,-403.0,-779364.0,0.533,6.23
58161.0,-135.0,-778406.0,0.6,5.99
58166.0,89.0,-778089.0,0.65,6.48
58170.0,-90.0,-777188.0,0.592,5.99
58176.0,-184.0,-775900.0,0.592,6.23
58181.0,164.0,-775651.0,0.55,6.23
58185.0,99.0,-775020.0,0.633,6.23
58191.0,-53.0,-774854.0,0.608,6.48
58196.0,-135.0,-775111.0,0.65,6.23
58202.0,-134.0,-775862.0,0.633,5.99
58207.0,-228.0,-776874.0,0.575,5.99
58212.0,-64.0,-777573.0,0.65,6.72
58217.0,-1.0,-778126.0,0.7,5.99
58222.0,-267.0,-778457.0,0.6,5.99
58227.0,-342.0,-778428.0,0.583,7.45
58232.0,-202.0,-777478.0,0.617,6.48
58237.0,-298.0,-776521.0,0.658,6.48
58243.0,-415.0,-774254.0,0.617,6.23
58248.0,-197.0,-771190.0,0.517,5.99
58254.0,33.0,-769659.0,0.617,5.99
58258.0,-48.0,-766970.0,0.633,6.23
58264.0,-90.0,-764966.0,0.567,6.23
58269.0,384.0,-764945.0,0.6,5.99
58273.0,-67.0,-763784.0,0.625,5.99
58279.0,-63.0,-762970.0,0.575,5.99
58285.0,-13.0,-761969.0,0.6,5.99
58290.0,-80.0,-759414.0,0.592,6.72
58295.0,-346.0,-756330.0,0.525,5.99
58300.0,-76.0,-754827.0,0.467,6.72
58305.0,-113.0,-750996.0,0.458,6.23
58310.0,19.0,-747728.0,0.508,6.23
58315.0,91.0,-745971.0,0.442,6.23
58320.0,-116.0,-743364.0,0.433,5.99
58327.0,200.0,-742000.0,0.483,6.48
58332.0,-372.0,-742037.0,0.533,6.23
58336.0,-99.0,-742692.0,0.467,5.99
58342.0,-249.0,-744658.0,0.492,6.23
58347.0,-121.0,-745925.0,0.55,6.23
58352.0,-424.0,-746652.0,0.467,6.23
58357.0,-288.0,-746292.0,0.475,6.72
58362.0,550.0,-745401.0,0.533,6.23
58368.0,281.0,-742903.0,0.467,5.99
58373.0,-412.0,-741242.0,0.442,6.48
58378.0,-80.0,-737191.0,0.5,6.72
58383.0,-155.0,-733375.0,0.483,6.48
58388.0,-315.0,-731140.0,0.325,6.23
58393.0,-281.0,-727569.0,0.392,6.96
58398.0,-228.0,-724621.0,0.358,6.72
58403.0,158.0,-723288.0,0.408,6.23
58409.0,-172.0,-721319.0,0.417,6.23
58415.0,-289.0,-720069.0,0.358,6.23
58420.0,-33.0,-719938.0,0.525,6.23
58425.0,-305.0,-721665.0,0.392,6.23
58430.0,-350.0,-723389.0,0.417,6.23
58435.0,218.0,-724556.0,0.5,6.48
58440.0,-4.0,-727095.0,0.392,6.23
58445.0,167.0,-728809.0,0.433,6.72
58450.0,-57.0,-729294.0,0.433,9.65
58456.0,-401.0,-729707.0,0.375,6.23
58461.0,-378.0,-728237.0,0.367,6.96
58467.0,-118.0,-727238.0,0.325,6.23
58472.0,-564.0,-724291.0,0.417,5.99
58477.0,-501.0,-721103.0,0.4,6.48
58482.0,-629.0,-719488.0,0.383,6.23
58487.0,-393.0,-716315.0,0.142,6.23
58492.0,-266.0,-712733.0,0.292,6.48
58498.0,-568.0,-710852.0,0.275,6.23
58503.0,-278.0,-707691.0,0.275,6.96
58508.0,-329.0,-705409.0,0.367,6.96
58513.0,-117.0,-704164.0,0.317,6.96
58519.0,-413.0,-701795.0,0.375,6.48
58524.0,-252.0,-699005.0,0.275,6.23
58529.0,28.0,-697904.0,0.183,6.72
58534.0,-120.0,-695459.0,0.233,6.72
58540.0,-267.0,-692681.0,0.225,6.23
58545.0,-289.0,-691318.0,0.2,6.72
58550.0,-439.0,-689197.0,0.258,6.23
58555.0,-566.0,-686751.0,0.167,6.72
58560.0,-236.0,-685718.0,0.242,6.23
58565.0,-20.0,-684389.0,0.183,6.23
58570.0,-151.0,-682279.0,0.2,6.72
58576.0,-169.0,-681642.0,0.225,6.48
58582.0,-91.0,-680387.0,0.258,6.48
58587.0,-38.0,-679421.0,0.125,6.48
58592.0,-368.0,-679166.0,0.175,6.48
58597.0,-428.0,-678433.0,0.142,6.72
58602.0,-169.0,-678089.0,0.142,6.48
58607.0,-169.0,-678042.0,0.208,6.48
58612.0,95.0,-677433.0,0.2,5.25
58617.0,62.0,-677471.0,0.15,6.48
58622.0,110.0,-677366.0,0.158,6.48
58628.0,-372.0,-677325.0,0.233,6.72
58633.0,-3.0,-676697.0,0.117,6.23
58638.0,1.0,-676464.0,0.158,6.72
58643.0,-482.0,-675900.0,0.125,6.23
58648.0,-259.0,-675465.0,0.117,6.48
58653.0,-245.0,-673984.0,0.167,6.48
58658.0,16.0,-673174.0,0.067,6.72
58663.0,251.0,-672861.0,0.125,6.23
58669.0,-181.0,-671879.0,0.15,6.48
58675.0,-324.0,-670613.0,0.05,6.72
58679.0,-345.0,-669920.0,0.042,6.23
58685.0,-415.0,-668484.0,0.15,6.96
58690.0,-418.0,-666748.0,0.092,6.48
58695.0,-179.0,-665929.0,0.108,6.72
58700.0,33.0,-664675.0,0.083,6.72
58705.0,-324.0,-662433.0,0.117,6.23
58711.0,-381.0,-661774.0,0.033,6.96
58716.0,145.0,-660618.0,0.092,6.48
58721.0,-34.0,-659278.0,0.092,7.21
58726.0,-450.0,-658715.0,0.05,6.23
58732.0,-180.0,-658120.0,-0.058,6.96
58737.0,-265.0,-656984.0,0.067,6.48
58742.0,113.0,-656617.0,0.017,6.48
58747.0,165.0,-655602.0,-0.058,6.23
58753.0,366.0,-654896.0,0.042,6.96
58758.0,-224.0,-654165.0,0.008,6.72
58763.0,-136.0,-653514.0,-0.1,6.48
58768.0,-219.0,-652446.0,0.05,6.48
58773.0,-229.0,-651815.0,-0.067,6.48
58778.0,-171.0,-651172.0,0.042,6.48
58783.0,-310.0,-650890.0,-0.225,6.23
58789.0,-394.0,-650479.0,-0.075,6.48
58795.0,124.0,-649444.0,0.008,6.48
58800.0,145.0,-648310.0,-0.067,6.48
58805.0,-283.0,-647651.0,0.075,6.48
58810.0,-245.0,-646492.0,0.067,6.23
58815.0,-390.0,-645196.0,0.05,6.48
58820.0,-187.0,-644557.0,0.0,7.94
58825.0,212.0,-644035.0,-0.108,6.48
58829.0,-143.0,-644166.0,0.033,6.23
58834.0,-297.0,-644369.0,0.1,6.96
58841.0,-230.0,-644465.0,-0.017,6.48
58845.0,-125.0,-644610.0,0.117,6.72
58851.0,-271.0,-644470.0,0.017,6.72
58856.0,-22.0,-644068.0,0.033,6.48
58860.0,259.0,-643841.0,0.008,6.48
58866.0,-549.0,-643685.0,-0.058,6.23
58871.0,-378.0,-643605.0,0.083,6.48
58876.0,-21.0,-643672.0,0.0,6.72
58882.0,94.0,-643430.0,0.083,6.48
58886.0,-291.0,-643385.0,0.075,6.48
58891.0,-245.0,-643268.0,-0.075,6.72
58897.0,90.0,-643082.0,0.042,6.72
58901.0,-45.0,-642765.0,0.017,5.5
58906.0,2.0,-642781.0,0.05,6.23
58911.0,-205.0,-642862.0,0.05,6.48
58916.0,263.0,-642900.0,0.058,6.48
58921.0,-182.0,-642310.0,0.1,6.23
58927.0,-545.0,-641991.0,0.05,6.23
58933.0,-423.0,-642075.0,-0.008,6.48
58938.0,-260.0,-641615.0,0.008,6.96
58942.0,-103.0,-641646.0,0.042,6.23
58948.0,-227.0,-641226.0,0.0,6.48
58953.0,-120.0,-640896.0,0.008,6.96
58958.0,-339.0,-640591.0,0.067,6.48
58963.0,-323.0,-640409.0,-0.067,6.96
58969.0,-126.0,-640305.0,0.008,6.72
58974.0,-107.0,-639988.0,0.05,6.23
58979.0,1.0,-639900.0,0.05,6.96
58984.0,-176.0,-639490.0,0.017,6.23
58989.0,-299.0,-639433.0,0.05,6.23
58995.0,-43.0,-638721.0,0.008,6.72
59000.0,-214.0,-638803.0,0.1,6.48
59004.0,-111.0,-638602.0,0.1,6.48
59011.0,-121.0,-638490.0,-0.025,6.96
59016.0,-80.0,-638006.0,0.083,6.23
59021.0,-133.0,-637651.0,0.025,6.48
59026.0,-111.0,-637533.0,0.058,6.48
59031.0,40.0,-636821.0,-0.033,6.23
59036.0,169.0,-636990.0,-0.025,6.48
59041.0,-229.0,-636400.0,0.058,6.23
59046.0,-52.0,-636318.0,0.058,6.23
59052.0,-319.0,-636357.0,0.042,6.96
59058.0,-155.0,-635921.0,0.05,6.72
59062.0,-56.0,-635664.0,0.058,6.23
59067.0,-60.0,-635235.0,0.0,6.48
59073.0,-284.0,-635073.0,-0.05,6.23
59077.0,-209.0,-635088.0,-0.008,6.48
59083.0,-133.0,-635187.0,0.042,6.48
59088.0,-281.0,-634791.0,0.075,6.48
59094.0,-302.0,-634690.0,0.092,6.23
59099.0,106.0,-634617.0,0.025,6.48
59104.0,-86.0,-634573.0,0.075,6.48
59109.0,-155.0,-634224.0,0.025,6.48
59114.0,-59.0,-634133.0,0.042,6.48
59120.0,157.0,-633903.0,-0.025,6.96
59124.0,176.0,-633870.0,0.008,6.96
59129.0,-178.0,-633573.0,-0.058,6.23
59136.0,-166.0,-633605.0,0.025,6.96
59141.0,-101.0,-633104.0,0.017,6.23
59146.0,-205.0,-633035.0,0.033,6.48
59151.0,-187.0,-633419.0,-0.1,6.48
59156.0,-220.0,-632958.0,0.108,6.72
59161.0,-16.0,-632755.0,0.15,6.23
59166.0,106.0,-632791.0,-0.05,6.72
59171.0,-63.0,-632724.0,0.083,6.23
59176.0,-167.0,-632469.0,0.083,6.48
59183.0,-91.0,-632341.0,0.092,6.48
59187.0,-124.0,-632104.0,-0.108,6.23
59192.0,216.0,-631807.0,0.2,6.48
59198.0,-248.0,-631513.0,0.017,6.23
59203.0,-221.0,-631374.0,-0.1,6.48
59208.0,-113.0,-630791.0,0.117,6.48
59213.0,-65.0,-631077.0,0.017,6.96
59218.0,-514.0,-630778.0,-0.025,6.48
59224.0,-386.0,-630752.0,-0.067,6.23
59230.0,28.0,-630330.0,0.217,6.23
59234.0,249.0,-630449.0,-0.058,6.23
59240.0,-333.0,-630316.0,0.017,6.48
59245.0,41.0,-630078.0,0.058,6.48
59250.0,204.0,-629747.0,-0.092,6.96
59255.0,-448.0,-629662.0,0.008,6.23
59260.0,-22.0,-629302.0,0.117,6.48
59266.0,-51.0,-629163.0,0.025,6.48
59271.0,-329.0,-628944.0,-0.075,6.96
59277.0,-107.0,-628516.0,-0.092,6.23
59281.0,140.0,-628389.0,-0.033,6.48
59286.0,90.0,-627952.0,0.108,6.23
59292.0,-448.0,-627580.0,0.083,6.48
59296.0,-65.0,-627783.0,0.042,6.96
59301.0,-361.0,-627416.0,-0.083,6.23
59308.0,-187.0,-626984.0,-0.008,6.23
59313.0,-266.0,-626819.0,0.192,7.45
59318.0,-148.0,-626874.0,0.008,6.48
59323.0,-22.0,-626474.0,0.058,6.48
59328.0,-69.0,-626327.0,0.125,6.48
59333.0,-209.0,-626145.0,-0.05,6.72
59339.0,-325.0,-625687.0,0.033,6.23
59345.0,-415.0,-625663.0,0.05,6.72
59350.0,-160.0,-625294.0,0.033,6.23
59356.0,178.0,-624854.0,-0.05,6.72
59361.0,62.0,-624542.0,0.125,6.72
59366.0,-53.0,-624455.0,0.108,6.96
59371.0,-219.0,-624184.0,0.058,6.48
59376.0,205.0,-623992.0,-0.042,6.48
59381.0,250.0,-623795.0,-0.067,6.72
59386.0,-174.0,-623770.0,-0.058,6.48
59393.0,-12.0,-623670.0,-0.075,6.48
59397.0,-219.0,-623643.0,0.083,6.48
59402.0,-55.0,-623720.0,-0.042,6.48
59408.0,-243.0,-623276.0,0.008,6.23
59413.0,-30.0,-623271.0,0.058,6.23
59418.0,-176.0,-623121.0,0.058,6.23
59424.0,-288.0,-622713.0,0.008,6.96
59429.0,-212.0,-622727.0,0.133,6.96
59435.0,149.0,-622390.0,0.1,6.96
59440.0,-593.0,-622286.0,-0.075,6.23
59446.0,-117.0,-622260.0,0.025,6.96
59451.0,271.0,-622452.0,-0.083,6.23
59456.0,-26.0,-622485.0,0.058,6.48
59462.0,58.0,-622503.0,-0.025,6.23
59467.0,-206.0,-622715.0,0.1,6.96
59472.0,-209.0,-622558.0,0.017,6.96
59478.0,-209.0,-622666.0,-0.008,6.23
59484.0,-165.0,-622604.0,0.017,6.48
59489.0,-59.0,-622660.0,0.058,6.96
59494.0,-224.0,-622515.0,-0.042,7.21
59499.0,-266.0,-622239.0,-0.025,6.23
59505.0,-192.0,-621947.0,-0.033,6.48
59511.0,-16.0,-621555.0,0.025,6.48
59515.0,-295.0,-621702.0,-0.067,6.72
59522.0,-161.0,-621046.0,0.008,6.23
59527.0,163.0,-621144.0,0.042,6.48
59532.0,-221.0,-621291.0,0.017,6.23
59537.0,-236.0,-620936.0,0.075,6.48
59543.0,128.0,-621002.0,-0.008,6.48
59548.0,102.0,-620899.0,-0.033,6.48
59552.0,-375.0,-620440.0,0.092,6.48
59558.0,-415.0,-620516.0,0.033,6.48
59564.0,221.0,-620695.0,0.15,6.72
59569.0,-130.0,-620582.0,0.025,6.23
59574.0,-106.0,-620280.0,-0.008,6.23
59579.0,-38.0,-620537.0,-0.008,6.48
59584.0,-265.0,-620488.0,-0.025,6.23
59589.0,35.0,-619794.0,-0.075,6.48
59594.0,-22.0,-619807.0,-0.033,6.48
59599.0,133.0,-619563.0,-0.008,6.48
59606.0,-155.0,-619439.0,-0.075,6.48
59610.0,-20.0,-619426.0,0.083,6.48
59615.0,67.0,-619546.0,0.125,6.48
59621.0,175.0,-619552.0,0.017,6.96
59625.0,-254.0,-619285.0,0.075,6.23
59631.0,-316.0,-618935.0,0.067,6.23
59636.0,-262.0,-618863.0,0.117,6.72
59642.0,-404.0,-618615.0,0.0,6.23
59648.0,-235.0,-618476.0,-0.042,6.48
59653.0,-367.0,-618366.0,0.042,6.48
59659.0,-165.0,-618266.0,0.058,6.23
59664.0,-503.0,-617867.0,-0.067,6.48
59668.0,4.0,-618098.0,0.008,6.48
59674.0,-104.0,-617954.0,0.025,6.48
59679.0,-420.0,-617661.0,0.017,7.21
59684.0,-169.0,-617848.0,-0.008,6.48
59689.0,-117.0,-617488.0,0.017,6.23
59695.0,-327.0,-617169.0,0.075,6.72
59700.0,-82.0,-617286.0,0.0,6.72
59705.0,-30.0,-617526.0,0.05,5.99
59710.0,-224.0,-617467.0,-0.108,6.23
59715.0,-265.0,-616780.0,-0.05,6.23
59721.0,-179.0,-617004.0,0.042,6.96
59726.0,243.0,-616949.0,-0.083,6.72
59730.0,-20.0,-616474.0,-0.142,6.48
59737.0,-46.0,-616440.0,-0.058,6.48
59742.0,-4.0,-616319.0,-0.025,6.48
59747.0,49.0,-616330.0,-0.058,6.72
59752.0,-169.0,-616389.0,0.067,6.72
59756.0,-382.0,-616184.0,0.108,6.48
59762.0,110.0,-615988.0,0.058,6.96
59767.0,-98.0,-615853.0,-0.025,6.23
59772.0,-467.0,-615702.0,0.05,6.96
59778.0,-503.0,-615526.0,0.05,6.48
59783.0,-113.0,-615083.0,0.058,6.96
59788.0,-174.0,-615060.0,0.042,6.96
59793.0,-416.0,-614728.0,-0.025,6.72
59798.0,-42.0,-614649.0,-0.008,6.96
59803.0,-319.0,-614712.0,-0.025,6.23
59809.0,-263.0,-614982.0,0.025,6.48
59814.0,-271.0,-614895.0,0.0,6.23
59819.0,-96.0,-614420.0,0.067,6.48
59825.0,-368.0,-614220.0,0.017,6.48
59830.0,-64.0,-613993.0,0.075,6.72
59835.0,-245.0,-614042.0,0.167,6.48
59840.0,-425.0,-614086.0,0.058,6.23
59845.0,-415.0,-614327.0,-0.017,6.48
59850.0,-34.0,-613972.0,-0.017,6.48
59855.0,-334.0,-613864.0,-0.025,6.23
59860.0,36.0,-613761.0,0.025,6.48
59866.0,91.0,-613686.0,0.075,6.72
59872.0,-63.0,-613214.0,0.025,6.96
59877.0,-21.0,-613211.0,0.058,6.48
59881.0,-398.0,-613288.0,0.033,7.94
59887.0,-294.0,-612932.0,0.033,6.72
59892.0,52.0,-613125.0,0.008,6.72
59897.0,-465.0,-613199.0,0.008,6.23
59902.0,-565.0,-612931.0,-0.025,6.48
59909.0,-61.0,-613106.0,0.008,6.48
59913.0,-234.0,-613145.0,0.058,6.96
59919.0,-182.0,-612675.0,-0.017,6.23
59924.0,-196.0,-612912.0,0.058,6.23
59928.0,1.0,-612591.0,0.025,6.48
59934.0,-393.0,-612317.0,0.05,6.72
59939.0,-567.0,-612204.0,0.05,6.23
59944.0,-458.0,-612109.0,-0.008,6.48
59950.0,-178.0,-612481.0,0.017,6.48
59955.0,-52.0,-612032.0,-0.067,6.48
59960.0,81.0,-611939.0,0.083,6.48
59965.0,283.0,-611487.0,0.05,6.48
59970.0,-221.0,-611502.0,-0.008,6.48
59975.0,-328.0,-611639.0,-0.05,6.96
59981.0,-236.0,-611823.0,-0.017,6.48
59986.0,-376.0,-611562.0,0.033,6.48
59991.0,-409.0,-611561.0,0.033,6.48
59997.0,97.0,-611233.0,0.083,6.72
60002.0,-313.0,-611206.0,-0.042,6.48
60007.0,-396.0,-611233.0,0.025,6.23
60012.0,-286.0,-610861.0,-0.025,6.96
60017.0,260.0,-610780.0,0.008,6.23
60022.0,-137.0,-610669.0,0.108,6.48
60027.0,19.0,-610103.0,0.033,7.21
60034.0,75.0,-610032.0,0.008,6.23
60039.0,-62.0,-610218.0,-0.042,6.23
60044.0,106.0,-609952.0,-0.017,6.23
60049.0,-80.0,-610097.0,0.042,6.48
60054.0,37.0,-609738.0,0.067,6.72
60059.0,-119.0,-609544.0,-0.033,6.23
60064.0,33.0,-609567.0,0.033,6.96
60069.0,-98.0,-609104.0,-0.05,6.23
60075.0,-126.0,-609210.0,0.083,6.23
60081.0,-184.0,-609043.0,0.067,6.48
60085.0,-325.0,-608986.0,0.083,6.23
60091.0,-81.0,-608736.0,0.008,6.72
60096.0,-159.0,-608481.0,-0.083,6.96
60100.0,-342.0,-608428.0,0.033,6.23
60106.0,28.0,-608164.0,0.058,6.48
60111.0,-186.0,-608465.0,0.083,6.48
60116.0,-99.0,-608003.0,0.017,6.48
60122.0,-338.0,-607896.0,0.058,6.72
60127.0,-20.0,-607723.0,0.067,6.48
60132.0,-83.0,-607743.0,-0.025,6.23
60137.0,-429.0,-607682.0,-0.008,6.96
60142.0,191.0,-607349.0,-0.075,6.96
60147.0,392.0,-607587.0,0.008,6.48
60152.0,-224.0,-607390.0,0.033,7.7
60157.0,-210.0,-607187.0,0.042,6.23
60163.0,-155.0,-606795.0,-0.008,6.48
60169.0,-315.0,-606618.0,0.033,6.96
60174.0,-315.0,-606619.0,-0.05,6.23
60179.0,-252.0,-606697.0,-0.05,6.23
60184.0,222.0,-606604.0,0.008,6.23
60189.0,-24.0,-606757.0,-0.042,6.23
60194.0,-287.0,-606565.0,0.025,6.48
60199.0,-129.0,-606388.0,0.033,6.72
60205.0,143.0,-606601.0,0.058,6.23
60210.0,98.0,-606707.0,0.033,6.23
60215.0,-104.0,-606998.0,0.025,6.23
60220.0,-127.0,-606601.0,0.133,6.48
60225.0,-84.0,-606332.0,-0.125,6.23
60230.0,4.0,-606803.0,0.033,6.48
60235.0,-345.0,-606619.0,0.108,6.48
60240.0,-83.0,-606864.0,0.008,6.48
60244.0,-144.0,-606785.0,-0.025,6.96
60250.0,-423.0,-606878.0,0.1,6.48
60255.0,-63.0,-606061.0,0.092,6.96
60260.0,138.0,-605933.0,-0.042,6.72
60265.0,0.0,-606046.0,0.058,5.74
60270.0,-155.0,-606101.0,0.0,6.48
60275.0,37.0,-605887.0,0.092,6.48
60280.0,-15.0,-605982.0,0.067,6.48
60285.0,-8.0,-605802.0,0.075,6.48
60291.0,-215.0,-605367.0,-0.017,6.48
60296.0,95.0,-605294.0,0.008,6.72
60301.0,-118.0,-604788.0,0.033,6.48
60306.0,-622.0,-604417.0,0.017,6.23
60311.0,-224.0,-604888.0,0.075,6.48
60316.0,-13.0,-604970.0,0.025,6.72
60321.0,-157.0,-604821.0,0.075,6.72
60327.0,-225.0,-604534.0,0.058,6.23
60333.0,-264.0,-604358.0,0.058,6.96
60338.0,-188.0,-604435.0,-0.025,6.23
60343.0,-202.0,-604396.0,0.075,6.23
60348.0,-337.0,-604554.0,0.008,6.23
60353.0,-333.0,-604785.0,0.025,6.96
60358.0,-289.0,-604448.0,0.083,6.23
60363.0,-302.0,-604268.0,0.075,6.48
60368.0,234.0,-604361.0,-0.05,6.72
60374.0,-378.0,-604468.0,0.008,6.96
60380.0,-445.0,-604242.0,0.008,6.23
60385.0,-3.0,-604179.0,0.033,6.96
60390.0,-21.0,-603986.0,-0.033,6.48
60395.0,-84.0,-603690.0,0.058,6.72
60400.0,-460.0,-603877.0,0.05,6.48
60405.0,-86.0,-603766.0,-0.017,6.72
60410.0,-1.0,-603658.0,0.042,6.72
60416.0,-477.0,-603507.0,0.058,6.48
60421.0,-237.0,-603169.0,0.042,6.72
60427.0,-20.0,-603147.0,-0.025,6.48
60431.0,-91.0,-602696.0,0.033,6.72
60437.0,-657.0,-602802.0,0.0,6.48
60442.0,-330.0,-602494.0,0.042,6.23
60447.0,194.0,-602485.0,-0.025,6.48
60452.0,-108.0,-602604.0,-0.108,6.72
60457.0,53.0,-602034.0,0.017,6.23
60463.0,89.0,-602123.0,0.05,6.48
60468.0,-77.0,-602390.0,-0.008,6.48
60473.0,-234.0,-602048.0,-0.108,6.72
60478.0,-326.0,-602053.0,-0.025,6.23
60483.0,-272.0,-602624.0,-0.05,6.48
60488.0,-425.0,-602124.0,0.025,6.23
60494.0,-253.0,-602305.0,-0.033,6.23
60499.0,45.0,-602278.0,0.1,6.48
60504.0,-92.0,-602347.0,-0.025,6.23
60509.0,-280.0,-602058.0,0.05,6.96
60514.0,-135.0,-602010.0,-0.025,6.23
60519.0,-252.0,-601887.0,-0.017,6.23
60524.0,-244.0,-601706.0,0.033,6.72
60529.0,-303.0,-601911.0,0.108,6.48
60534.0,143.0,-601278.0,-0.025,6.23
60539.0,14.0,-601372.0,0.025,6.23
60545.0,-491.0,-601267.0,0.008,6.96
60550.0,-133.0,-601224.0,0.042,6.72
60555.0,-232.0,-601050.0,0.05,6.23
60560.0,-372.0,-600993.0,0.1,6.48
60565.0,-538.0,-600714.0,-0.008,6.23
60570.0,-403.0,-600622.0,0.025,6.96
60575.0,149.0,-600817.0,-0.025,6.72
60580.0,-363.0,-600594.0,-0.008,6.48
60585.0,-492.0,-600132.0,0.025,6.48
60591.0,-184.0,-599801.0,0.017,6.48
60597.0,-278.0,-599914.0,-0.083,6.72
60602.0,-211.0,-600084.0,0.117,6.23
60606.0,82.0,-600131.0,-0.025,6.48
60611.0,-107.0,-599893.0,-0.1,6.48
60616.0,-346.0,-599892.0,0.075,6.48
60621.0,-280.0,-600093.0,-0.025,6.23
60626.0,171.0,-599753.0,0.05,6.96
60632.0,-114.0,-599710.0,0.1,6.23
60637.0,-846.0,-599970.0,-0.017,6.23
60643.0,-411.0,-599880.0,0.033,6.96
60647.0,-298.0,-599983.0,-0.017,6.72
60653.0,-232.0,-599903.0,0.05,6.48
60658.0,-161.0,-599877.0,-0.017,6.48
60662.0,-30.0,-599860.0,0.025,6.48
60668.0,-26.0,-599164.0,0.025,6.48
60674.0,-393.0,-599314.0,0.025,6.96
60679.0,-140.0,-599267.0,0.017,6.48
60684.0,-316.0,-598985.0,0.083,6.48
60689.0,-473.0,-598764.0,-0.033,6.72
60694.0,-271.0,-598607.0,0.05,6.23
60700.0,-309.0,-598801.0,0.017,6.96
60705.0,-256.0,-598289.0,0.0,6.96
60709.0,-425.0,-598432.0,0.025,6.23
60716.0,-203.0,-598170.0,0.05,6.23
60720.0,-276.0,-598095.0,0.017,6.48
60726.0,-310.0,-598124.0,0.058,6.48
60731.0,196.0,-598020.0,0.0,6.48
60736.0,-77.0,-597777.0,0.0,7.21
60741.0,-219.0,-598442.0,-0.117,6.72
60746.0,-563.0,-598170.0,0.0,6.96
60751.0,-136.0,-598237.0,-0.125,6.72
60756.0,-20.0,-597924.0,0.033,6.48
60762.0,-547.0,-597824.0,0.2,6.48
60767.0,-76.0,-597725.0,0.075,6.48
60772.0,-328.0,-597619.0,-0.042,6.48
60777.0,19.0,-597701.0,0.025,6.23
60782.0,-332.0,-597662.0,0.017,6.96
60787.0,-460.0,-597218.0,0.05,6.72
60793.0,-325.0,-597146.0,0.117,6.72
60797.0,-188.0,-597359.0,0.083,6.48
60804.0,-166.0,-597193.0,0.075,6.48
60809.0,-3.0,-596865.0,0.067,6.23
60813.0,128.0,-596728.0,-0.042,6.96
60819.0,-566.0,-596800.0,-0.025,6.23
60824.0,-607.0,-596744.0,0.0,6.23
60829.0,182.0,-596769.0,-0.092,6.48
60834.0,-390.0,-596557.0,0.133,6.23
60839.0,-473.0,-596255.0,0.025,6.48
60845.0,-368.0,-596122.0,0.075,7.45
60851.0,-174.0,-596004.0,0.017,6.23
60856.0,-557.0,-596430.0,0.025,6.48
60860.0,220.0,-596439.0,0.075,6.48
60866.0,-108.0,-595643.0,0.042,6.23
60870.0,-71.0,-596086.0,-0.017,6.48
60875.0,-99.0,-595991.0,0.042,6.48
60881.0,-451.0,-595745.0,-0.008,5.25
60887.0,-224.0,-595824.0,0.075,6.48
60892.0,-136.0,-595969.0,0.033,6.48
60897.0,-34.0,-595957.0,-0.017,6.96
60902.0,41.0,-595602.0,0.058,6.48
60907.0,-319.0,-595797.0,-0.05,6.48
60912.0,-179.0,-595711.0,0.008,6.96
60917.0,104.0,-595464.0,-0.05,6.48
60922.0,-110.0,-595415.0,0.033,6.23
60929.0,-502.0,-595095.0,0.025,5.99
60933.0,-111.0,-594966.0,0.075,6.72
60938.0,83.0,-595085.0,0.025,6.48
60944.0,-261.0,-594983.0,0.0,6.72
60949.0,-218.0,-594930.0,-0.025,6.48
60954.0,-196.0,-594751.0,0.042,6.48
60959.0,44.0,-594825.0,0.017,6.72
60964.0,101.0,-594522.0,0.042,6.23
60969.0,-305.0,-594483.0,0.05,6.96
60975.0,43.0,-594383.0,0.033,6.23
60980.0,-20.0,-594276.0,-0.008,7.21
60986.0,-682.0,-594422.0,0.1,6.23
60991.0,-230.0,-594422.0,0.008,6.48
60996.0,-97.0,-594521.0,0.0,6.96
61001.0,-467.0,-593908.0,-0.05,6.48
61006.0,-535.0,-594234.0,0.025,7.21
61011.0,-58.0,-593955.0,0.025,6.23
61017.0,134.0,-594128.0,-0.042,6.72
61023.0,-310.0,-594096.0,0.05,6.48
61027.0,-105.0,-593835.0,0.042,6.72
61032.0,-29.0,-593636.0,0.042,6.48
61038.0,-197.0,-594264.0,0.017,6.48
61042.0,-78.0,-594075.0,-0.092,6.48
61047.0,-52.0,-593452.0,-0.033,6.23
61053.0,-42.0,-593642.0,0.0,6.72
61059.0,-313.0,-593247.0,-0.025,6.48
61064.0,-389.0,-593251.0,-0.008,6.72
61070.0,-521.0,-593131.0,0.033,6.48
61075.0,-587.0,-593449.0,0.067,6.48
61080.0,-514.0,-593388.0,-0.025,6.48
61085.0,-392.0,-593036.0,0.033,6.23
61091.0,-156.0,-593208.0,0.058,6.48
61096.0,-325.0,-592873.0,0.05,6.23
61101.0,-374.0,-592800.0,0.158,4.77
61107.0,-370.0,-592674.0,0.067,6.96
61111.0,-463.0,-592503.0,0.075,6.48
61117.0,-295.0,-592885.0,0.017,6.23
61123.0,-81.0,-592369.0,0.008,6.96
61127.0,74.0,-592102.0,0.108,6.23
61132.0,-241.0,-592069.0,0.092,6.48
61137.0,-239.0,-592221.0,-0.017,6.48
61143.0,-320.0,-591970.0,-0.008,6.23
61148.0,-628.0,-592328.0,0.033,6.72
61154.0,-328.0,-591882.0,0.1,6.72
61159.0,-91.0,-591771.0,0.017,6.48
61163.0,-126.0,-591808.0,0.1,6.48
61169.0,-184.0,-592004.0,0.075,6.48
61173.0,-409.0,-591865.0,0.083,6.23
61179.0,-125.0,-591381.0,0.008,6.72
61186.0,-127.0,-591103.0,-0.008,6.72
61190.0,-448.0,-591192.0,0.083,6.48
61195.0,-411.0,-591611.0,0.008,6.48
61200.0,33.0,-591521.0,0.025,7.7
61205.0,-126.0,-591328.0,-0.067,6.96
61211.0,-196.0,-591142.0,0.0,6.23
61216.0,46.0,-591458.0,0.067,6.23
61221.0,-3.0,-591417.0,0.033,8.19
61227.0,-47.0,-591649.0,-0.017,6.48
61233.0,-265.0,-591133.0,0.058,6.48
61238.0,29.0,-591231.0,-0.075,6.48
61243.0,-230.0,-590640.0,0.033,6.48
61248.0,-136.0,-590778.0,0.067,6.96
61254.0,-152.0,-590638.0,0.025,6.96
61258.0,-39.0,-590541.0,-0.025,7.21
61263.0,-152.0,-590411.0,0.017,6.96
61270.0,-366.0,-590591.0,-0.033,6.96
61275.0,-411.0,-590350.0,0.042,6.23
61280.0,-346.0,-590266.0,-0.017,6.48
61285.0,72.0,-589884.0,0.092,6.96
61290.0,-169.0,-589665.0,0.008,6.48
61295.0,-353.0,-590225.0,0.092,6.96
61301.0,-213.0,-589713.0,-0.05,6.23
61307.0,209.0,-589985.0,0.067,6.72
61312.0,-116.0,-589980.0,-0.008,6.96
61318.0,-224.0,-589536.0,0.05,6.48
61323.0,-230.0,-589502.0,-0.067,6.48
61328.0,-146.0,-589465.0,0.058,6.48
61333.0,-303.0,-589256.0,0.05,6.48
61339.0,-577.0,-589432.0,0.05,6.48
61344.0,-427.0,-589609.0,0.108,6.23
61348.0,-332.0,-589384.0,0.1,6.72
61355.0,-236.0,-589250.0,0.017,6.48
61360.0,282.0,-589567.0,0.025,6.23
61365.0,7.0,-588828.0,0.067,6.96
61370.0,-233.0,-589164.0,0.025,6.23
61375.0,-239.0,-589307.0,0.05,6.48
61380.0,-82.0,-588966.0,-0.033,6.48
61385.0,-86.0,-588770.0,0.033,6.48
61390.0,-132.0,-588853.0,0.033,6.23
61395.0,67.0,-588612.0,0.0,6.48
61401.0,-161.0,-588582.0,0.008,6.48
61406.0,-298.0,-588653.0,0.058,6.72
61411.0,-135.0,-588071.0,0.025,6.96
61417.0,-439.0,-588355.0,-0.008,6.48
61422.0,-369.0,-587934.0,0.042,6.48
61427.0,-170.0,-588163.0,0.033,6.48
61432.0,-134.0,-588045.0,0.092,6.23
61437.0,-186.0,-587934.0,-0.008,6.48
61443.0,-447.0,-588203.0,0.033,6.48
61448.0,-11.0,-588277.0,0.075,6.96
61453.0,-245.0,-588030.0,0.008,6.48
61458.0,-114.0,-587681.0,-0.008,6.48
61464.0,-36.0,-587839.0,0.125,6.23
61469.0,-40.0,-587744.0,0.033,6.48
61473.0,-201.0,-587937.0,-0.025,6.23
61479.0,-177.0,-587527.0,0.042,6.48
61484.0,24.0,-587552.0,-0.008,6.48
61490.0,-41.0,-587480.0,0.017,6.23
61495.0,-261.0,-587143.0,0.092,6.23
61499.0,-408.0,-587372.0,0.05,6.48
61505.0,-22.0,-586984.0,-0.017,6.48
61510.0,-250.0,-587149.0,0.067,6.48
61515.0,-271.0,-587358.0,-0.042,6.48
61520.0,-331.0,-587244.0,0.033,6.48
61526.0,73.0,-586885.0,-0.058,6.23
61531.0,-158.0,-586920.0,0.033,6.72
61536.0,-390.0,-586380.0,0.083,6.96
61541.0,-96.0,-586365.0,-0.058,6.48
61546.0,-67.0,-586988.0,-0.075,6.96
61552.0,-327.0,-586656.0,-0.008,6.96
61557.0,63.0,-586437.0,0.017,6.23
61561.0,178.0,-586650.0,0.008,6.48
61568.0,-356.0,-586706.0,0.033,6.48
61573.0,-206.0,-586523.0,0.058,6.23
61578.0,-65.0,-586470.0,0.075,6.48
61583.0,-303.0,-586404.0,-0.008,6.23
61588.0,-151.0,-586485.0,-0.008,6.23
61593.0,-394.0,-586334.0,0.05,6.48
61598.0,-212.0,-586144.0,0.0,6.96
61603.0,-434.0,-586171.0,0.125,6.23
61608.0,-287.0,-586650.0,0.0,6.72
61614.0,-241.0,-586008.0,-0.008,6.48
61620.0,-279.0,-585957.0,0.175,6.48
61624.0,-282.0,-585820.0,0.042,6.72
61630.0,-4.0,-585562.0,0.033,6.96
61635.0,-614.0,-585513.0,-0.033,6.72
61640.0,-651.0,-585211.0,0.017,6.72
61645.0,-35.0,-585749.0,0.008,6.23
61650.0,259.0,-585890.0,0.058,6.48
61656.0,34.0,-585183.0,0.067,6.23
61662.0,-76.0,-585101.0,0.075,6.48
61667.0,-192.0,-584826.0,0.017,6.48
61671.0,-423.0,-584757.0,0.05,6.23
61677.0,-85.0,-584989.0,0.1,6.48
61682.0,-249.0,-585118.0,0.042,6.48
61687.0,-424.0,-584975.0,0.058,6.23
61692.0,-324.0,-584693.0,0.008,6.48
61698.0,-206.0,-584736.0,0.025,6.48
61703.0,-99.0,-584599.0,0.033,6.72
61708.0,-417.0,-584877.0,0.058,6.23
61713.0,-265.0,-584720.0,0.017,6.48
61718.0,-320.0,-584565.0,0.008,6.96
61724.0,-160.0,-584343.0,0.033,6.96
61729.0,-366.0,-584304.0,0.1,6.23
61733.0,-311.0,-584257.0,-0.092,6.72
61740.0,-345.0,-584309.0,0.0,6.48
61745.0,-461.0,-584232.0,-0.033,6.23
61750.0,-320.0,-584093.0,-0.017,6.23
61755.0,-314.0,-583927.0,-0.008,6.72
61760.0,-132.0,-583796.0,-0.042,6.23
61765.0,-267.0,-583481.0,0.008,6.48
61770.0,-619.0,-583760.0,0.058,6.72
61775.0,-702.0,-583781.0,-0.067,6.48
61780.0,-217.0,-583617.0,0.05,6.23
61786.0,-429.0,-583386.0,0.008,6.23
61790.0,-114.0,-583697.0,0.008,6.48
61796.0,-346.0,-583365.0,0.033,6.48
61801.0,-470.0,-583340.0,0.0,6.96
61806.0,-503.0,-583377.0,0.008,6.96
61811.0,-195.0,-583541.0,0.033,6.48
61816.0,-405.0,-583410.0,-0.067,7.21
61821.0,-250.0,-583225.0,-0.042,6.23
61828.0,-434.0,-583135.0,0.0,6.72
61833.0,26.0,-583222.0,0.05,6.48
61838.0,-67.0,-582752.0,0.067,6.48
61843.0,-101.0,-583038.0,0.008,6.23
61848.0,-149.0,-582981.0,-0.017,6.48
61853.0,202.0,-582774.0,-0.025,6.23
61858.0,-96.0,-583182.0,-0.058,6.48
61864.0,-100.0,-583145.0,0.05,6.96
61869.0,-63.0,-582652.0,0.042,6.23
61875.0,-501.0,-582470.0,0.067,6.72
61880.0,-49.0,-582559.0,0.025,6.23
61884.0,-118.0,-582368.0,-0.067,6.23
61890.0,-488.0,-582440.0,0.017,6.96
61895.0,-152.0,-582319.0,0.008,6.48
61900.0,-83.0,-582518.0,0.1,6.23
61905.0,-437.0,-582194.0,0.008,6.96
61911.0,-103.0,-581967.0,-0.025,6.48
61916.0,-384.0,-582176.0,-0.017,6.48
61921.0,44.0,-582054.0,-0.017,6.48
61926.0,-72.0,-581855.0,-0.008,6.23
61932.0,-157.0,-581725.0,0.025,6.48
61936.0,-514.0,-581442.0,-0.05,6.23
61941.0,-16.0,-581891.0,0.017,6.48
61946.0,-183.0,-581455.0,-0.025,6.23
61952.0,-309.0,-581346.0,-0.033,6.48
61957.0,-91.0,-581607.0,0.017,6.72
61963.0,-170.0,-581605.0,0.058,6.96
61968.0,-344.0,-581564.0,0.05,6.96
61973.0,-174.0,-581395.0,-0.058,6.48
61978.0,-11.0,-581087.0,0.1,6.48
61983.0,-225.0,-581302.0,-0.008,6.72
61988.0,-327.0,-580795.0,-0.083,6.48
61993.0,-152.0,-581275.0,0.058,6.23
61999.0,-140.0,-581178.0,0.05,6.96
62004.0,-218.0,-581223.0,-0.017,6.72
62009.0,-293.0,-581029.0,-0.008,6.48
62014.0,-475.0,-580768.0,0.025,6.72
62020.0,-205.0,-580697.0,0.042,6.23
62025.0,-630.0,-580551.0,0.05,6.48
62030.0,-324.0,-580694.0,-0.042,6.48
62035.0,-526.0,-580979.0,0.075,6.23
62041.0,-405.0,-580187.0,0.033,6.23
62046.0,-381.0,-580136.0,-0.05,6.48
62051.0,-265.0,-580203.0,0.058,6.48
62056.0,-126.0,-580443.0,0.083,6.23
62061.0,-104.0,-580442.0,0.092,6.96
62066.0,-448.0,-579895.0,-0.025,6.48
62072.0,-273.0,-580137.0,-0.033,6.48
62077.0,-87.0,-580076.0,0.117,6.48
62083.0,-359.0,-580047.0,-0.025,6.23
62088.0,-188.0,-579647.0,0.05,6.96
62093.0,-110.0,-579748.0,-0.05,6.48
62098.0,156.0,-579845.0,0.042,6.72
62103.0,-85.0,-579677.0,0.1,6.72
62108.0,-37.0,-579676.0,0.025,6.96
62113.0,-301.0,-579561.0,-0.025,6.48
62118.0,-158.0,-579501.0,0.008,7.21
62124.0,-26.0,-579668.0,0.033,6.48
62129.0,-52.0,-579845.0,0.017,7.21
62135.0,-107.0,-579505.0,-0.008,6.48
62140.0,-517.0,-579566.0,0.042,6.23
62145.0,285.0,-579315.0,-0.042,6.23
62149.0,-158.0,-579100.0,-0.075,6.48
62154.0,-210.0,-579075.0,0.1,6.72
62160.0,-199.0,-578883.0,-0.058,6.23
62164.0,-478.0,-578786.0,0.017,6.48
62170.0,70.0,-578759.0,-0.075,6.48
62175.0,-299.0,-579009.0,0.008,6.48
62180.0,-399.0,-579020.0,0.033,6.96
62186.0,-69.0,-578915.0,0.0,6.96
62190.0,-310.0,-578612.0,0.058,6.48
62195.0,-12.0,-578933.0,-0.042,6.96
62200.0,121.0,-578483.0,-0.042,6.72
62205.0,-230.0,-578648.0,-0.042,6.23
62211.0,-100.0,-578854.0,0.008,7.21
62217.0,-55.0,-578398.0,0.017,6.96
62221.0,-190.0,-578665.0,0.0,6.48
62226.0,-269.0,-578155.0,0.017,6.23
62231.0,178.0,-578120.0,0.008,6.96
62236.0,-48.0,-578367.0,0.058,6.72
62241.0,-161.0,-578081.0,0.092,6.48
62246.0,-12.0,-578362.0,-0.008,6.48
62252.0,-263.0,-577908.0,0.042,6.48
62256.0,-332.0,-577699.0,-0.033,6.48
62261.0,-68.0,-577706.0,0.017,6.48
62266.0,-145.0,-577772.0,0.058,6.48
62271.0,160.0,-577787.0,0.058,6.72
62277.0,84.0,-577721.0,0.075,6.23
62282.0,-113.0,-578013.0,0.05,6.48
62287.0,-55.0,-577540.0,0.0,6.72
62292.0,-305.0,-577549.0,-0.008,6.23
62298.0,66.0,-577381.0,0.05,6.96
62303.0,-426.0,-577250.0,0.15,6.48
62308.0,-264.0,-577761.0,-0.017,6.23
62313.0,5.0,-577195.0,0.0,6.72
62318.0,-295.0,-577064.0,0.042,6.23
62324.0,-215.0,-577312.0,0.05,6.23
62329.0,38.0,-576904.0,0.117,6.96
62333.0,-267.0,-576865.0,0.017,6.48
62340.0,-469.0,-577031.0,0.008,6.48
62345.0,4.0,-577163.0,0.05,6.23
62349.0,195.0,-576820.0,0.017,6.23
62355.0,-359.0,-576990.0,0.083,6.23
62360.0,-286.0,-577030.0,0.033,6.23
62365.0,-123.0,-576719.0,-0.025,6.96
62370.0,-353.0,-576691.0,0.017,6.23
62375.0,-338.0,-576757.0,0.025,6.48
62381.0,-205.0,-576530.0,0.042,6.48
62387.0,-143.0,-576142.0,0.025,6.48
62392.0,-232.0,-576296.0,0.092,6.48
62396.0,-289.0,-576171.0,0.158,6.96
62402.0,-423.0,-576209.0,0.05,6.48
62407.0,-500.0,-576263.0,0.042,6.72
62412.0,-237.0,-576072.0,0.05,6.48
62417.0,25.0,-575754.0,0.0,6.23
62423.0,-36.0,-575721.0,-0.008,6.96
62428.0,-4.0,-576120.0,0.067,6.23
62433.0,-71.0,-576012.0,0.042,6.23
62437.0,-558.0,-576189.0,0.025,6.23
62443.0,-438.0,-575949.0,0.0,6.48
62448.0,-459.0,-575501.0,0.042,6.48
62453.0,-344.0,-575786.0,0.025,6.48
62458.0,-262.0,-575632.0,0.017,6.96
62464.0,-363.0,-575584.0,0.042,6.96
62469.0,-478.0,-575473.0,-0.083,7.21
62474.0,82.0,-575483.0,0.042,7.21
62479.0,19.0,-575339.0,0.033,6.48
62484.0,-152.0,-575530.0,0.0,6.72
62490.0,78.0,-575338.0,0.067,6.96
62495.0,293.0,-575184.0,-0.05,5.5
62499.0,50.0,-575157.0,0.025,6.72
62505.0,-376.0,-574657.0,0.025,6.96
62511.0,-353.0,-574701.0,0.025,6.23
62516.0,-126.0,-574840.0,0.025,6.96
62521.0,-406.0,-574832.0,0.0,6.48
62526.0,45.0,-574947.0,-0.025,6.48
62531.0,-57.0,-574884.0,0.017,6.96
62536.0,-565.0,-574664.0,0.008,6.23
62541.0,-420.0,-574913.0,0.033,6.23
62546.0,148.0,-574596.0,0.0,6.48
62552.0,-274.0,-574536.0,-0.042,6.48
62557.0,-143.0,-574583.0,-0.008,6.72
62562.0,-205.0,-574248.0,0.058,6.23
62568.0,-433.0,-574208.0,0.058,6.23
62572.0,-212.0,-574201.0,0.042,6.23
62577.0,68.0,-573988.0,0.083,6.23
62583.0,220.0,-574174.0,0.075,6.96
62588.0,41.0,-574217.0,0.008,6.72
62594.0,-347.0,-574308.0,-0.017,6.23
62599.0,-190.0,-574156.0,0.033,6.48
62603.0,-455.0,-573855.0,0.0,6.23
62609.0,-143.0,-573963.0,-0.042,6.48
62614.0,-208.0,-573773.0,0.083,6.72
62619.0,-199.0,-573686.0,0.033,6.48
62624.0,-67.0,-573444.0,0.008,6.72
62629.0,92.0,-573460.0,0.108,6.23
62635.0,-133.0,-573497.0,-0.067,6.23
62640.0,-171.0,-573643.0,-0.008,6.23
62645.0,-254.0,-573316.0,-0.025,6.96
62650.0,-586.0,-573707.0,0.025,6.23
62656.0,-104.0,-573145.0,0.058,6.48
62660.0,-47.0,-573270.0,-0.017,6.23
62665.0,-71.0,-573335.0,0.067,6.23
62671.0,-225.0,-573241.0,0.092,6.48
62676.0,-222.0,-573082.0,0.075,6.48
62682.0,-32.0,-573219.0,0.033,6.96
62687.0,-488.0,-572965.0,-0.05,6.48
62692.0,-229.0,-572772.0,0.117,6.48
62697.0,57.0,-572907.0,0.042,6.23
62702.0,-645.0,-573101.0,0.025,6.48
62707.0,-442.0,-572744.0,0.0,6.48
62712.0,88.0,-572547.0,0.092,6.72
62718.0,-354.0,-572453.0,0.042,6.48
62723.0,-407.0,-572644.0,-0.025,6.23
62728.0,-565.0,-572271.0,0.05,6.48
62734.0,-69.0,-572463.0,-0.025,6.23
62739.0,-214.0,-572312.0,-0.033,6.48
62744.0,-490.0,-572179.0,-0.025,6.48
62749.0,-512.0,-571893.0,0.025,6.23
62754.0,-289.0,-572052.0,-0.1,6.48
62759.0,-191.0,-571961.0,-0.008,6.48
62765.0,37.0,-572069.0,0.042,6.48
62770.0,6.0,-572146.0,-0.033,6.48
62775.0,-196.0,-572131.0,0.05,6.72
62781.0,-232.0,-571971.0,0.067,6.23
62785.0,-95.0,-571956.0,0.017,6.48
62790.0,-123.0,-571819.0,0.042,6.48
62796.0,-453.0,-572177.0,0.017,6.23
62801.0,-424.0,-571852.0,-0.017,6.23
62807.0,-158.0,-571143.0,0.092,6.48
62812.0,-424.0,-571413.0,0.025,6.48
62817.0,-331.0,-571368.0,0.042,6.48
62822.0,183.0,-571357.0,-0.017,6.72
62828.0,-219.0,-571763.0,0.083,6.23
62832.0,-266.0,-571394.0,0.042,6.23
62837.0,-72.0,-571279.0,0.067,6.48
62843.0,-20.0,-570979.0,0.05,6.72
62848.0,-73.0,-571212.0,0.067,6.48
62854.0,-417.0,-570790.0,0.05,6.23
62859.0,-427.0,-571098.0,0.025,6.48
62865.0,-143.0,-571188.0,0.075,6.48
62870.0,-340.0,-570691.0,0.042,6.48
62875.0,-286.0,-570903.0,-0.042,7.21
62881.0,-248.0,-570773.0,0.033,6.23
62885.0,-361.0,-570896.0,0.058,6.48
62891.0,-102.0,-570563.0,-0.075,6.48
62897.0,-394.0,-570377.0,0.058,6.72
62901.0,-203.0,-570504.0,0.083,6.48
62907.0,-431.0,-570388.0,0.05,6.72
62912.0,-323.0,-570612.0,-0.017,6.72
62918.0,-337.0,-570030.0,0.058,6.72
62923.0,-444.0,-570081.0,0.117,6.96
62928.0,-240.0,-569997.0,0.025,6.48
62935.0,-158.0,-570025.0,0.042,6.48
62939.0,-257.0,-570214.0,0.017,6.23
62944.0,-124.0,-570303.0,-0.025,6.96
62950.0,36.0,-570045.0,0.1,6.48
62954.0,-81.0,-569970.0,-0.108,6.23
62960.0,-319.0,-569920.0,0.008,6.48
62965.0,-61.0,-569964.0,-0.008,6.72
62970.0,10.0,-569845.0,0.042,6.72
62976.0,-264.0,-570131.0,0.075,6.48
62982.0,-590.0,-569721.0,0.017,7.21
62987.0,-126.0,-569343.0,0.008,6.48
62992.0,-205.0,-569528.0,-0.05,7.21
62998.0,-333.0,-569204.0,0.025,6.23
63003.0,-315.0,-569496.0,0.025,6.72
63009.0,-39.0,-569282.0,0.075,6.23
63013.0,28.0,-569057.0,-0.033,6.48
63020.0,-210.0,-569111.0,-0.033,6.72
63025.0,-420.0,-569449.0,0.042,6.48
63030.0,-139.0,-569578.0,0.05,6.23
63035.0,-978.0,-568860.0,0.025,6.48
63041.0,-178.0,-568916.0,0.025,6.48
63045.0,-147.0,-568777.0,0.008,6.48
63050.0,64.0,-569091.0,0.025,6.48
63056.0,-162.0,-568779.0,0.05,6.48
63060.0,-41.0,-568902.0,0.008,6.72
63067.0,45.0,-568524.0,0.033,6.23
63072.0,-685.0,-568394.0,0.05,6.48
63078.0,-187.0,-568512.0,-0.017,6.23
63083.0,48.0,-568359.0,-0.033,6.48
63088.0,-364.0,-568397.0,-0.008,6.96
63094.0,36.0,-568725.0,0.05,6.48
63099.0,150.0,-568318.0,0.033,6.48
63104.0,-179.0,-568379.0,0.075,6.48
63110.0,-487.0,-568083.0,0.033,6.48
63115.0,-69.0,-567898.0,-0.008,6.23
63120.0,-498.0,-567997.0,-0.025,6.48
63125.0,-574.0,-568049.0,-0.008,6.23
63130.0,-456.0,-568060.0,-0.017,6.23
63135.0,-9.0,-568461.0,-0.025,6.23
63140.0,-395.0,-568157.0,0.042,6.48
63145.0,-173.0,-567698.0,0.0,6.72
63151.0,194.0,-567863.0,0.033,6.48
63157.0,-294.0,-567443.0,0.025,6.48
63161.0,-191.0,-567536.0,0.033,6.23
63166.0,-580.0,-567514.0,0.067,6.48
63172.0,-442.0,-567496.0,0.083,6.48
63177.0,-111.0,-567461.0,-0.058,6.48
63182.0,-508.0,-567449.0,-0.075,6.96
63187.0,4.0,-567441.0,-0.042,6.72
63193.0,-239.0,-567646.0,-0.067,6.96
63198.0,-212.0,-567344.0,-0.008,6.72
63203.0,-434.0,-567336.0,0.0,6.72
63208.0,-157.0,-567551.0,0.042,6.48
63213.0,-354.0,-567417.0,-0.067,6.23
63218.0,-352.0,-567402.0,0.067,6.72
63223.0,-449.0,-566583.0,0.117,6.72
63228.0,-125.0,-566959.0,0.05,6.48
63235.0,-327.0,-567116.0,0.025,6.72
63239.0,-112.0,-566881.0,0.192,6.23
63245.0,-342.0,-566747.0,0.058,6.23
63250.0,-490.0,-567026.0,-0.008,6.23
63254.0,-631.0,-566635.0,-0.058,6.96
63260.0,-7.0,-566679.0,0.042,6.48
63265.0,-97.0,-566880.0,-0.008,6.23
63270.0,-262.0,-566291.0,-0.008,6.48
63276.0,-274.0,-566361.0,0.0,6.48
63281.0,-186.0,-566974.0,0.017,6.48
63286.0,-215.0,-566419.0,-0.042,6.48
63291.0,-181.0,-566429.0,0.075,6.48
63297.0,-133.0,-566500.0,0.083,6.23
63301.0,-50.0,-566467.0,-0.05,6.48
63307.0,-312.0,-566337.0,0.05,6.96
63312.0,-142.0,-566242.0,0.067,6.96
63316.0,-177.0,-566039.0,-0.025,7.21
63323.0,-401.0,-566325.0,0.075,6.96
63328.0,-617.0,-566204.0,0.042,6.23
63333.0,-448.0,-565475.0,0.017,6.48
63338.0,-308.0,-565477.0,0.042,6.23
63343.0,-16.0,-565794.0,0.033,6.23
63348.0,-239.0,-565475.0,0.058,6.48
63354.0,-165.0,-565519.0,0.058,6.48
63360.0,-45.0,-565336.0,0.025,6.48
63364.0,-100.0,-565519.0,0.0,6.23
63370.0,-190.0,-565495.0,-0.017,6.23
63375.0,-244.0,-565558.0,0.025,6.23
63379.0,-105.0,-565257.0,0.067,6.72
63385.0,-547.0,-565063.0,-0.033,6.23
63390.0,-7.0,-565102.0,0.042,6.48
63395.0,-406.0,-564940.0,0.025,6.23
63401.0,-584.0,-565082.0,0.075,6.72
63407.0,-12.0,-565121.0,0.008,6.72
63411.0,11.0,-565066.0,0.117,6.48
63417.0,-683.0,-564840.0,0.033,6.23
63422.0,-317.0,-564705.0,-0.008,6.23
63427.0,-88.0,-564900.0,0.033,6.23
63432.0,-78.0,-564820.0,0.033,5.25
63437.0,16.0,-564857.0,0.008,7.21
63442.0,41.0,-564494.0,0.025,6.23
63448.0,115.0,-564410.0,0.017,6.48
63453.0,-233.0,-564543.0,0.0,6.48
63458.0,-178.0,-564589.0,0.133,6.72
63464.0,88.0,-564413.0,0.042,6.23
63469.0,-156.0,-564414.0,0.0,6.23
63474.0,-257.0,-564437.0,0.05,6.23
63479.0,-173.0,-564449.0,0.033,6.72
63484.0,-201.0,-564472.0,0.067,6.96
63490.0,-300.0,-564445.0,0.033,6.23
63495.0,-118.0,-564135.0,0.025,6.48
63501.0,-194.0,-563888.0,0.058,6.48
63505.0,-391.0,-564065.0,0.05,6.48
63511.0,-549.0,-563871.0,0.083,6.96
63516.0,49.0,-563798.0,-0.025,6.96
63520.0,128.0,-563839.0,0.1,6.48
63526.0,-202.0,-563565.0,0.058,6.48
63532.0,-292.0,-563832.0,0.058,6.23
63537.0,-207.0,-563583.0,-0.033,6.23
63542.0,-139.0,-563433.0,0.008,6.48
63547.0,-109.0,-563574.0,0.142,6.48
63552.0,-254.0,-563631.0,0.017,6.96
63558.0,-162.0,-563503.0,-0.008,6.23
63563.0,-320.0,-563408.0,0.008,7.21
63567.0,-63.0,-563177.0,0.1,6.23
63574.0,91.0,-563373.0,0.017,6.23
63579.0,-239.0,-563202.0,0.067,6.23
63584.0,-202.0,-563415.0,-0.017,6.23
63589.0,-96.0,-562735.0,0.042,6.23
63594.0,-298.0,-562900.0,-0.025,6.96
63599.0,-301.0,-563157.0,0.042,6.96
63604.0,-649.0,-562787.0,0.017,6.23
63609.0,-181.0,-562748.0,-0.008,6.23
63614.0,-10.0,-562729.0,-0.058,6.23
63621.0,-232.0,-562695.0,0.033,6.48
63626.0,-20.0,-562882.0,-0.033,7.21
63630.0,121.0,-562641.0,-0.008,6.96
63636.0,-367.0,-562507.0,0.0,6.48
63641.0,-45.0,-562658.0,0.083,6.72
63646.0,-192.0,-562528.0,0.017,6.72
63651.0,-195.0,-562759.0,0.067,6.72
63656.0,-157.0,-562732.0,0.05,7.21
63662.0,-192.0,-562650.0,0.033,6.72
63667.0,-434.0,-562539.0,0.025,6.96
63672.0,-482.0,-562342.0,0.0,6.23
63677.0,-207.0,-562168.0,0.075,6.48
63682.0,-31.0,-562349.0,0.042,6.48
63687.0,-55.0,-561886.0,-0.025,6.48
63692.0,-64.0,-562176.0,-0.008,6.48
63697.0,-100.0,-562227.0,0.083,6.48
63703.0,-404.0,-562068.0,0.0,6.23
63708.0,-467.0,-562078.0,0.05,6.48
63714.0,-199.0,-561935.0,0.0,6.72
63718.0,-256.0,-561458.0,0.117,7.21
63723.0,-291.0,-561437.0,-0.017,6.72
63728.0,185.0,-561488.0,-0.067,6.48
63733.0,-168.0,-561338.0,0.0,6.23
63738.0,-146.0,-561601.0,0.058,6.48
63744.0,-198.0,-561356.0,0.075,6.72
63749.0,-273.0,-561626.0,0.075,6.96
63754.0,-83.0,-561651.0,-0.017,6.48
63759.0,-89.0,-561114.0,0.0,6.72
63764.0,-404.0,-561080.0,-0.067,6.48
63770.0,92.0,-561145.0,-0.008,6.48
63774.0,-3.0,-561116.0,0.1,6.23
63779.0,23.0,-561467.0,0.108,6.23
63784.0,-351.0,-561196.0,0.067,6.48
63790.0,-68.0,-561310.0,0.15,6.48
63795.0,32.0,-561121.0,0.042,7.21
63800.0,-68.0,-561124.0,0.017,6.48
63805.0,-493.0,-561050.0,-0.017,6.23
63811.0,-151.0,-560957.0,0.117,6.48
63816.0,-243.0,-560476.0,-0.1,6.72
63821.0,-470.0,-560834.0,-0.017,6.72
63826.0,24.0,-560655.0,0.05,6.48
63832.0,220.0,-560504.0,0.15,6.23
63837.0,-201.0,-560226.0,0.033,6.23
63842.0,-235.0,-560325.0,0.05,6.48
63847.0,-243.0,-560546.0,-0.033,6.23
63852.0,-394.0,-560236.0,0.008,6.23
63857.0,-406.0,-560201.0,0.025,6.48
63862.0,-328.0,-560078.0,-0.042,6.48
63867.0,-331.0,-560338.0,0.017,6.48
63874.0,-275.0,-560289.0,0.0,6.72
63879.0,-217.0,-560116.0,0.075,6.48
63884.0,-408.0,-560452.0,0.05,6.48
63889.0,-416.0,-560033.0,-0.067,6.23
63894.0,-378.0,-559770.0,-0.008,6.48
63899.0,-385.0,-559980.0,0.108,6.72
63904.0,-319.0,-559741.0,0.05,6.48
63909.0,-243.0,-559774.0,-0.033,6.48
63915.0,-264.0,-559898.0,0.017,6.48
63920.0,2.0,-559913.0,-0.008,6.72
63926.0,-264.0,-559673.0,0.067,6.23
63931.0,-397.0,-559807.0,0.008,6.23
63936.0,-290.0,-559612.0,0.092,6.72
63941.0,-276.0,-559242.0,0.008,6.48
63946.0,-191.0,-559232.0,-0.025,6.48
63951.0,-70.0,-559191.0,0.017,6.48
63956.0,-198.0,-559367.0,0.025,6.48
63962.0,-205.0,-559181.0,0.067,6.23
63967.0,-214.0,-559448.0,0.067,6.96
63973.0,-144.0,-559260.0,0.0,7.21
63978.0,13.0,-558952.0,0.05,6.23
63982.0,-166.0,-559081.0,0.042,7.21
63988.0,-486.0,-559281.0,-0.042,6.23
63993.0,23.0,-559205.0,-0.008,6.48
63998.0,-223.0,-558664.0,-0.033,6.23
64004.0,-411.0,-558721.0,0.017,6.23
64009.0,-492.0,-558827.0,0.025,6.23
64014.0,-447.0,-558600.0,0.033,6.23
64019.0,-271.0,-558456.0,-0.017,6.23
64025.0,-266.0,-558642.0,0.017,6.23
64029.0,-125.0,-558657.0,0.092,6.23
64035.0,-547.0,-558839.0,0.05,6.48
64040.0,-596.0,-558615.0,0.042,6.48
64046.0,-169.0,-558716.0,0.1,5.74
64051.0,-67.0,-558446.0,0.058,6.48
64056.0,-368.0,-558460.0,-0.033,6.23
64061.0,-373.0,-558581.0,0.05,6.96
64066.0,-125.0,-558361.0,0.058,6.72
64071.0,-370.0,-558021.0,-0.125,6.96
64076.0,-15.0,-558056.0,-0.142,6.23
64082.0,-297.0,-558480.0,0.108,6.48
64088.0,-310.0,-558044.0,-0.042,6.48
64092.0,-111.0,-558005.0,0.008,6.23
64098.0,-165.0,-557897.0,0.025,6.96
64103.0,-170.0,-557793.0,-0.033,6.48
64108.0,-183.0,-557990.0,0.033,6.23
64113.0,-289.0,-557814.0,0.067,6.23
64118.0,-262.0,-558016.0,0.025,6.72
64123.0,-177.0,-557703.0,0.017,6.96
64129.0,-283.0,-557693.0,0.1,6.48
64135.0,-424.0,-557663.0,0.0,6.48
64139.0,27.0,-557718.0,-0.017,7.21
64144.0,142.0,-557550.0,-0.067,6.23
64149.0,-307.0,-557313.0,0.025,6.48
64154.0,-411.0,-557330.0,0.0,6.96
64159.0,-90.0,-557289.0,0.017,6.72
64164.0,160.0,-557116.0,0.008,6.23
64169.0,-254.0,-556786.0,0.042,6.48
64175.0,-371.0,-556825.0,-0.017,6.96
64180.0,-45.0,-556958.0,0.025,6.23
64185.0,-249.0,-556930.0,0.042,6.23
64190.0,-396.0,-556915.0,0.067,6.96
64195.0,-72.0,-557164.0,0.033,6.72
64200.0,-341.0,-556756.0,0.025,6.48
64205.0,-240.0,-556647.0,-0.025,6.72
64210.0,-142.0,-556841.0,0.033,6.72
64217.0,84.0,-556677.0,0.042,6.96
64221.0,-221.0,-556676.0,0.05,6.48
64227.0,-323.0,-556849.0,0.092,6.23
64232.0,-306.0,-556325.0,0.033,6.48
64236.0,-25.0,-556432.0,0.025,6.23
64242.0,-257.0,-556368.0,-0.058,6.72
64247.0,-122.0,-556394.0,0.092,6.48
64252.0,-345.0,-556383.0,0.042,6.96
64258.0,-213.0,-556075.0,0.0,6.48
64263.0,-434.0,-556257.0,0.125,6.48
64268.0,-363.0,-556192.0,0.133,6.96
64273.0,-287.0,-555994.0,0.0,6.72
64278.0,-96.0,-555910.0,0.017,6.23
64283.0,-143.0,-556017.0,0.0,6.23
64289.0,-105.0,-556039.0,0.058,6.48
64294.0,124.0,-555851.0,-0.083,6.72
64299.0,-237.0,-555580.0,-0.067,6.48
64305.0,-275.0,-555822.0,0.017,6.96
64310.0,-78.0,-555598.0,0.025,6.48
64315.0,11.0,-555429.0,0.092,6.72
64320.0,-25.0,-555643.0,0.05,6.96
64325.0,-172.0,-555710.0,0.05,6.23
64330.0,-290.0,-555887.0,0.033,6.48
64335.0,-284.0,-555413.0,0.042,6.48
64340.0,-143.0,-555284.0,-0.017,6.48
64346.0,-207.0,-555425.0,0.0,6.72
64352.0,-245.0,-555477.0,-0.042,6.48
64356.0,-82.0,-555330.0,0.017,6.48
64361.0,174.0,-555053.0,-0.033,6.96
64367.0,-106.0,-555165.0,0.008,6.72
64371.0,-345.0,-555424.0,0.058,5.99
64377.0,-121.0,-555225.0,-0.033,6.48
64382.0,-159.0,-554997.0,0.025,6.48
64388.0,-106.0,-554918.0,0.092,6.23
64393.0,-440.0,-554835.0,0.058,6.23
64398.0,-198.0,-555137.0,0.067,6.23
64403.0,-257.0,-554962.0,-0.008,6.48
64408.0,-211.0,-554625.0,0.008,6.48
64414.0,-121.0,-554379.0,-0.008,6.23
64418.0,-328.0,-554518.0,-0.008,6.23
64423.0,-72.0,-554589.0,-0.008,6.48
64430.0,-372.0,-554881.0,0.025,6.23
64435.0,-333.0,-555000.0,-0.025,6.23
64440.0,-287.0,-554435.0,0.0,6.72
64445.0,-197.0,-554609.0,0.033,6.72
64450.0,-158.0,-554334.0,-0.067,6.48
64455.0,-266.0,-554113.0,0.025,6.48
64461.0,-470.0,-554207.0,0.05,6.96
64465.0,-393.0,-554006.0,0.058,6.23
64471.0,-141.0,-554125.0,0.025,6.48
64477.0,-89.0,-554105.0,0.058,6.72
64481.0,-478.0,-553994.0,0.0,6.96
64486.0,-298.0,-553683.0,0.025,6.23
64492.0,-290.0,-553843.0,0.058,6.48
64497.0,-107.0,-553744.0,-0.05,6.72
64502.0,-295.0,-553895.0,-0.033,6.48
64507.0,103.0,-553525.0,0.033,6.48
64513.0,122.0,-553664.0,0.008,6.72
64518.0,-180.0,-553769.0,0.008,7.21
64524.0,50.0,-553637.0,0.075,6.23
64528.0,-177.0,-553532.0,0.1,6.72
64534.0,-325.0,-553458.0,0.05,6.48
64539.0,-181.0,-553434.0,0.042,6.48
64545.0,-333.0,-553348.0,-0.092,6.48
64549.0,-242.0,-553601.0,0.042,6.48
64556.0,-584.0,-553121.0,0.025,6.23
64562.0,184.0,-553391.0,-0.025,6.23
64566.0,-373.0,-553112.0,0.025,6.48
64571.0,-274.0,-553187.0,-0.025,6.96
64576.0,-48.0,-552663.0,-0.033,6.23
64581.0,-219.0,-552884.0,0.067,6.48
64587.0,-447.0,-553052.0,0.108,6.23
64592.0,-243.0,-553068.0,0.025,6.72
64598.0,-22.0,-552921.0,-0.008,6.72
64602.0,-447.0,-552746.0,0.108,6.96
64608.0,-407.0,-552514.0,0.05,6.96
64613.0,-56.0,-552593.0,0.05,6.72
64618.0,-336.0,-552743.0,0.058,6.23
64624.0,-586.0,-552799.0,0.0,6.72
64628.0,-239.0,-552786.0,0.042,6.23
64633.0,-174.0,-552339.0,-0.017,6.96
64638.0,-252.0,-552629.0,0.0,6.72
64644.0,-309.0,-552530.0,0.0,6.23
64650.0,-227.0,-552368.0,0.05,6.72
64655.0,-513.0,-552386.0,0.017,6.96
64660.0,-590.0,-552373.0,-0.042,6.23
64665.0,-526.0,-552192.0,0.017,6.48
64670.0,-104.0,-552136.0,0.067,6.48
64675.0,-41.0,-552229.0,0.092,6.96
64681.0,-151.0,-552035.0,0.008,6.48
64687.0,-179.0,-551913.0,-0.042,6.48
64693.0,55.0,-552285.0,0.025,6.48
64697.0,-56.0,-551850.0,0.0,6.96
64703.0,-204.0,-551888.0,0.025,6.23
64708.0,-214.0,-552034.0,0.033,6.48
64714.0,-136.0,-551776.0,-0.017,6.48
64718.0,-383.0,-551991.0,0.017,6.96
64724.0,-419.0,-551257.0,0.0,6.72
64731.0,109.0,-551389.0,0.025,6.48
64735.0,-254.0,-551486.0,0.05,6.72
64740.0,-297.0,-551478.0,0.0,6.48
64746.0,71.0,-551624.0,0.025,6.96
64750.0,32.0,-551495.0,-0.075,6.96
64756.0,-386.0,-551183.0,0.0,6.48
64761.0,118.0,-551727.0,0.058,6.23
64768.0,-380.0,-551237.0,0.075,6.48
64773.0,-583.0,-551286.0,-0.033,6.48
64778.0,-475.0,-551324.0,0.067,6.48
64784.0,-249.0,-551058.0,-0.008,6.48
64789.0,-327.0,-551261.0,0.0,6.48
64793.0,-246.0,-550878.0,0.067,6.48
64799.0,-158.0,-551042.0,0.083,7.21
64804.0,-2.0,-550939.0,-0.033,6.23
64809.0,-3.0,-551120.0,0.017,6.72
64815.0,-131.0,-550744.0,-0.017,6.23
64820.0,-202.0,-550863.0,0.083,6.23
64825.0,-353.0,-550599.0,-0.025,6.72
64830.0,-209.0,-550445.0,0.042,6.48
64835.0,-180.0,-550496.0,0.008,6.72
64840.0,-241.0,-550442.0,-0.017,6.48
64846.0,-511.0,-550438.0,0.008,6.23
64850.0,-104.0,-550471.0,0.092,7.45
64856.0,-109.0,-550527.0,0.033,6.23
64862.0,-455.0,-550301.0,0.0,6.96
64866.0,-538.0,-550260.0,-0.025,6.48
64872.0,-231.0,-550090.0,0.0,6.23
64877.0,-363.0,-550010.0,0.0,6.48
64882.0,-378.0,-550015.0,0.0,6.23
64887.0,-342.0,-550051.0,0.0,6.48
64893.0,-138.0,-550111.0,0.05,6.23
64899.0,-164.0,-549974.0,0.058,6.48
64903.0,-177.0,-549913.0,-0.017,6.23
64909.0,-31.0,-550067.0,-0.008,6.72
64914.0,-367.0,-550126.0,0.017,6.48
64919.0,-214.0,-549639.0,0.067,6.72
64924.0,-140.0,-549721.0,0.008,6.48
64929.0,-536.0,-549722.0,0.008,6.72
64934.0,-349.0,-549635.0,0.025,6.23
64940.0,-411.0,-549465.0,0.033,6.96
64946.0,139.0,-549612.0,-0.058,6.48
64950.0,-106.0,-549349.0,0.008,6.96
64956.0,-514.0,-549401.0,0.025,6.72
64961.0,-120.0,-549326.0,0.008,6.72
64965.0,265.0,-549459.0,0.042,6.48
64971.0,-259.0,-549189.0,0.033,6.96
64976.0,-293.0,-549240.0,-0.025,6.48
64982.0,-258.0,-549207.0,0.017,6.23
64987.0,-158.0,-549081.0,0.008,6.23
64992.0,-166.0,-548860.0,0.058,6.23
64997.0,-85.0,-549095.0,0.1,6.23
65003.0,-125.0,-548655.0,-0.067,6.72
65008.0,-151.0,-548646.0,0.017,6.72
65012.0,-268.0,-548763.0,-0.042,6.72
65018.0,-190.0,-548827.0,0.042,6.48
65024.0,60.0,-548668.0,0.05,6.48
65028.0,3.0,-548439.0,-0.075,6.23
65034.0,-303.0,-548558.0,-0.05,6.23
65038.0,-8.0,-548677.0,-0.05,6.72
65044.0,-516.0,-548471.0,-0.025,6.72
65049.0,-474.0,-548342.0,-0.042,6.72
65053.0,-325.0,-548085.0,0.008,6.48
65059.0,3.0,-548327.0,-0.025,6.48
65064.0,-115.0,-548318.0,0.05,5.99
65070.0,-338.0,-548535.0,0.025,6.48
65075.0,-162.0,-548155.0,0.092,6.96
65080.0,-498.0,-548232.0,-0.05,6.48
65085.0,-451.0,-548149.0,-0.042,6.96
65090.0,47.0,-548261.0,0.008,6.72
65095.0,-45.0,-548186.0,0.067,6.48
65100.0,-270.0,-547739.0,0.008,6.48
65106.0,-282.0,-547953.0,0.05,6.48
65112.0,-322.0,-548144.0,0.083,6.48
65116.0,-149.0,-547793.0,-0.042,6.48
65122.0,-265.0,-547687.0,-0.008,6.72
65127.0,-211.0,-547698.0,0.033,6.96
65132.0,226.0,-547753.0,-0.067,6.48
65137.0,-418.0,-547671.0,-0.083,6.23
65142.0,-528.0,-547878.0,0.042,6.48
65147.0,-213.0,-547497.0,-0.058,6.23
65154.0,-113.0,-547703.0,-0.017,6.48
65159.0,287.0,-547582.0,0.033,6.48
65163.0,220.0,-547303.0,0.117,6.48
65169.0,-296.0,-547477.0,0.05,6.48
65174.0,-148.0,-547194.0,0.025,6.72
65179.0,-55.0,-547339.0,0.1,6.48
65184.0,-341.0,-547043.0,0.058,6.96
65189.0,-71.0,-547230.0,-0.05,6.48
65195.0,-218.0,-547221.0,0.008,6.48
65200.0,-322.0,-547179.0,0.0,6.72
65205.0,-706.0,-546928.0,-0.025,6.48
65210.0,-569.0,-547255.0,0.033,6.72
65216.0,-111.0,-546813.0,-0.008,6.48
65221.0,93.0,-546616.0,0.075,6.96
65225.0,52.0,-546913.0,0.05,6.23
65230.0,-512.0,-546934.0,-0.017,6.48
65235.0,-649.0,-546641.0,0.058,6.48
65241.0,34.0,-546547.0,-0.017,7.45
65246.0,-168.0,-546922.0,-0.058,6.23
65251.0,-287.0,-547037.0,0.025,6.48
65256.0,-221.0,-546283.0,0.058,6.48
65261.0,-327.0,-546410.0,0.058,6.48
65266.0,-368.0,-546323.0,0.05,6.72
65272.0,-298.0,-546569.0,0.025,6.48
65277.0,-304.0,-546342.0,-0.017,6.48
65282.0,-213.0,-546137.0,0.092,6.23
65288.0,-673.0,-546145.0,-0.042,6.23
65293.0,159.0,-546298.0,0.058,6.23
65298.0,-86.0,-546313.0,0.05,6.48
65303.0,-118.0,-546092.0,-0.042,6.23
65308.0,-636.0,-546001.0,-0.133,6.72
65313.0,-415.0,-546085.0,-0.017,6.48
65318.0,-513.0,-546028.0,0.083,6.23
65324.0,-425.0,-545663.0,0.05,6.48
65329.0,-348.0,-546015.0,0.075,6.72
65334.0,-374.0,-545882.0,-0.05,6.96
65339.0,-416.0,-545809.0,-0.058,6.48
65344.0,-331.0,-545763.0,0.092,6.96
65350.0,-213.0,-545616.0,-0.092,5.99
65355.0,249.0,-545659.0,0.017,6.96
65360.0,-16.0,-545235.0,0.008,6.23
65366.0,-94.0,-545150.0,0.092,6.23
65371.0,-310.0,-545399.0,0.033,6.23
65376.0,-459.0,-545557.0,-0.017,6.23
65381.0,-279.0,-545312.0,-0.267,6.23
65386.0,-349.0,-545939.0,0.6,6.48
65391.0,-210.0,-551393.0,4.058,6.48
65396.0,-6.0,-573088.0,14.692,7.45
65401.0,-136.0,-639499.0,-0.4,8.68
65408.0,-1325.0,-724197.0,9.85,10.63
65413.0,357.0,-771350.0,11.283,12.1
65418.0,-227.0,-875679.0,8.833,13.56
65423.0,-232.0,-976843.0,7.233,14.3
65429.0,-342.0,-1072579.0,9.275,15.03
65434.0,-436.0,-1122222.0,8.142,16.25
65439.0,222.0,-1216537.0,7.925,16.74
65444.0,-345.0,-1309201.0,8.783,19.43
65449.0,-339.0,-1353220.0,8.892,21.87
65456.0,-279.0,-1445569.0,9.45,24.07
65461.0,-346.0,-1539487.0,8.142,27.74
65466.0,-499.0,-1584998.0,8.408,31.4
65471.0,-471.0,-1672913.0,8.65,35.31
65476.0,-548.0,-1762163.0,7.692,35.56
65481.0,-472.0,-1804310.0,7.567,34.34
65486.0,-204.0,-1887513.0,8.1,31.89
65492.0,-59.0,-1973245.0,7.142,30.43
65497.0,-268.0,-2015412.0,7.675,30.43
65502.0,-496.0,-2098111.0,7.0,29.94
65508.0,-273.0,-2180339.0,7.05,30.18
65512.0,-148.0,-2221090.0,6.517,30.18
65518.0,-598.0,-2299699.0,6.833,29.45
65523.0,-377.0,-2378437.0,6.667,28.23
65528.0,-235.0,-2417488.0,6.683,27.0
65533.0,-323.0,-2494751.0,6.225,26.76
65539.0,-258.0,-2570377.0,5.742,26.52
65544.0,-257.0,-2607684.0,5.858,25.29
65549.0,-263.0,-2680781.0,5.658,24.8
65555.0,10.0,-2752519.0,5.642,24.8
65559.0,-253.0,-2788058.0,5.858,24.56
65564.0,-209.0,-2859799.0,5.233,23.58
65570.0,-38.0,-2928393.0,5.008,23.09
65575.0,-608.0,-2963024.0,4.858,22.61
65581.0,-366.0,-3030197.0,5.133,22.12
65586.0,-523.0,-3095295.0,4.033,21.38
65591.0,-118.0,-3127874.0,4.725,21.87
65596.0,-210.0,-3193251.0,4.592,21.14
65601.0,-481.0,-3256223.0,4.317,21.14
65606.0,-360.0,-3287172.0,4.408,20.89
65611.0,-316.0,-3350091.0,4.467,19.67
65616.0,-171.0,-3410651.0,4.192,19.18
65623.0,-435.0,-3440212.0,4.133,19.18
65628.0,-171.0,-3501037.0,4.45,18.7
65633.0,-104.0,-3558121.0,3.933,18.21
65638.0,-265.0,-3585988.0,3.6,17.96
65643.0,-37.0,-3642487.0,3.9,17.72
65648.0,-90.0,-3696583.0,3.517,17.47
65653.0,-302.0,-3722990.0,3.175,16.98
65658.0,-48.0,-3776479.0,3.633,16.98
65665.0,-91.0,-3828325.0,3.692,16.98
65669.0,-666.0,-3853252.0,3.183,16.01
65675.0,54.0,-3903293.0,3.65,15.76
65680.0,35.0,-3952037.0,3.742,15.76
65685.0,-427.0,-3975922.0,3.083,15.52
65690.0,-333.0,-4023363.0,3.15,15.03
65695.0,214.0,-4070399.0,3.567,15.76
65700.0,-553.0,-4093140.0,3.358,16.25
65705.0,73.0,-4138925.0,3.1,14.78
65711.0,94.0,-4183693.0,3.625,15.03
65716.0,107.0,-4205658.0,2.425,14.3
65722.0,-739.0,-4249188.0,2.767,14.3
65727.0,-224.0,-4292452.0,2.933,14.05
65732.0,-243.0,-4313331.0,2.917,13.81
65737.0,-303.0,-4354704.0,2.108,13.56
65742.0,-600.0,-4394666.0,2.575,13.56
65747.0,-109.0,-4414433.0,2.033,13.81
65753.0,-367.0,-4452745.0,1.375,13.32
65759.0,-310.0,-4491553.0,1.617,12.83
65763.0,-119.0,-4511154.0,1.275,12.83
65769.0,-89.0,-4548049.0,1.083,13.56
65774.0,-164.0,-4584357.0,1.4,12.59
65778.0,-359.0,-4603236.0,1.967,12.83
65784.0,-35.0,-4638809.0,1.35,12.34
65789.0,-206.0,-4674369.0,1.767,11.85
65795.0,-239.0,-4692214.0,2.2,12.1
65800.0,-433.0,-4726344.0,1.4,12.34
65805.0,-642.0,-4760016.0,1.267,12.1
65810.0,-15.0,-4776789.0,1.608,11.85
65815.0,29.0,-4809430.0,0.725,11.36
65820.0,-148.0,-4840934.0,1.333,11.36
65825.0,-93.0,-4857001.0,1.442,11.61
65831.0,-445.0,-4888327.0,1.067,11.36
65837.0,-544.0,-4918211.0,0.7,10.87
65842.0,-103.0,-4933272.0,1.467,10.63
65847.0,37.0,-4962239.0,1.717,11.36
65852.0,-386.0,-4991431.0,0.958,11.36
65857.0,-473.0,-5005424.0,0.417,10.39
65862.0,-199.0,-5034112.0,1.683,10.39
65868.0,-420.0,-5061306.0,-0.142,10.39
65872.0,-221.0,-5075233.0,0.558,10.14
65879.0,49.0,-5102064.0,0.625,10.14
65884.0,-650.0,-5128410.0,0.417,9.9
65888.0,-327.0,-5141425.0,0.85,9.65
65894.0,-205.0,-5168327.0,1.867,9.9
65899.0,-126.0,-5194147.0,1.275,10.39
65904.0,-143.0,-5206590.0,1.4,9.65
65909.0,-245.0,-5230435.0,0.933,9.65
65914.0,-28.0,-5250357.0,0.558,9.9
65920.0,-341.0,-5257348.0,-0.792,10.14
65926.0,-461.0,-5266902.0,0.867,9.41
65931.0,-392.0,-5269166.0,1.083,9.16
65935.0,-137.0,-5269737.0,-0.167,8.92
65941.0,-253.0,-5270171.0,0.883,8.43
65947.0,-357.0,-5267817.0,0.183,8.92
65951.0,-698.0,-5266746.0,0.3,8.92
65956.0,-580.0,-5263841.0,0.958,8.43
65963.0,-268.0,-5259461.0,0.342,7.94
65968.0,-299.0,-5255103.0,0.567,7.45
65973.0,-266.0,-5252766.0,0.575,7.45
65979.0,-66.0,-5248270.0,0.383,7.94
65984.0,-183.0,-5243210.0,0.733,7.21
65988.0,-184.0,-5240591.0,0.35,7.7
65994.0,-218.0,-5236463.0,0.117,6.48
66000.0,-316.0,-5232267.0,0.658,6.23
66004.0,-175.0,-5230458.0,0.408,6.48
66010.0,-177.0,-5226123.0,0.308,6.48
66016.0,-353.0,-5222329.0,0.383,6.96
66021.0,-416.0,-5220060.0,0.267,6.72
66026.0,-378.0,-5216685.0,0.492,6.96
66031.0,-120.0,-5212971.0,0.342,7.7
66037.0,-407.0,-5209223.0,0.225,6.96
66041.0,-24.0,-5207306.0,0.317,7.45
66048.0,-114.0,-5203850.0,0.267,7.21
66053.0,-348.0,-5200766.0,0.325,6.48
66058.0,-219.0,-5199127.0,0.242,6.72
66063.0,59.0,-5195726.0,0.217,6.48
66069.0,-459.0,-5192304.0,0.4,7.21
66074.0,-430.0,-5190859.0,0.442,7.45
66079.0,-214.0,-5188084.0,0.225,7.45
66084.0,-558.0,-5184702.0,0.242,7.21
66089.0,-433.0,-5183481.0,0.367,6.96
66095.0,-179.0,-5180764.0,0.342,7.7
66101.0,-401.0,-5177324.0,0.333,7.45
66106.0,-442.0,-5174616.0,0.15,7.21
66111.0,-191.0,-5173705.0,0.317,6.48
66116.0,-435.0,-5170849.0,0.25,6.72
66122.0,-115.0,-5168247.0,0.317,6.72
66126.0,88.0,-5167126.0,0.175,7.7
66132.0,-548.0,-5164551.0,-0.85,6.72
66138.0,-280.0,-5156829.0,0.15,6.72
66143.0,-209.0,-5147452.0,1.083,6.48
66148.0,141.0,-5123997.0,-1.725,6.48
66154.0,-645.0,-5097015.0,0.383,5.99
66158.0,-202.0,-5082664.0,-1.458,6.23
66163.0,-1.0,-5052539.0,-1.508,5.74
66169.0,-241.0,-5020451.0,0.85,5.74
66173.0,-334.0,-5003666.0,0.233,5.5
66179.0,-468.0,-4969941.0,-1.092,5.25
66185.0,-556.0,-4933599.0,-1.658,5.25
66190.0,-33.0,-4915634.0,-0.558,5.01
66195.0,-375.0,-4878893.0,-0.167,4.77
66200.0,-91.0,-4841775.0,-1.175,4.52
66205.0,-138.0,-4822806.0,-1.367,6.48
66210.0,-277.0,-4784679.0,-1.8,4.28
66215.0,-323.0,-4745051.0,-0.608,5.01
66221.0,-442.0,-4725206.0,-1.225,4.77
66226.0,58.0,-4685541.0,-1.417,4.28
66232.0,-360.0,-4645415.0,-1.067,4.28
66237.0,-367.0,-4625304.0,-0.667,4.28
66242.0,-225.0,-4583055.0,0.108,4.28
66247.0,-279.0,-4539373.0,-0.65,3.79
66252.0,-286.0,-4518124.0,-0.883,3.79
66257.0,-99.0,-4474299.0,0.05,3.79
66263.0,233.0,-4431001.0,0.35,4.03
66268.0,-96.0,-4408924.0,0.183,3.54
66273.0,-578.0,-4363722.0,-0.783,3.79
66279.0,-80.0,-4317538.0,-0.975,3.79
66285.0,-398.0,-4270068.0,-1.475,3.54
66289.0,-115.0,-4246435.0,-1.1,3.05
66295.0,175.0,-4198971.0,-0.875,3.79
66301.0,73.0,-4150051.0,-0.958,2.81
66307.0,-185.0,-4100689.0,-1.225,2.81
66312.0,-282.0,-4075730.0,-1.583,2.57
66317.0,-310.0,-4025328.0,-1.583,2.57
66323.0,-38.0,-3973428.0,-1.633,2.57
66329.0,118.0,-3922206.0,-1.592,1.1
66333.0,-75.0,-3895707.0,-2.067,2.08
