Time_s,Input_Flow_Smoothed,Output_Flow_Smoothed
0,-0.107446626904801,-0.219325319303808
0.00399999999999778,-0.235569918541654,-0.320495795671058
0.00999999999999801,-0.397960979349314,-0.383236407456176
0.0150000000000006,-0.60007007156196,-0.430802929592467
0.0189999999999984,-0.84272290165367,-0.47755743159487
0.0260000000000034,-1.10938320868489,-0.459611755709816
0.0309999999999988,-1.38962728784526,-0.434021551469756
0.0360000000000014,-1.66928819455482,-0.464030257360106
0.0410000000000039,-1.93746419822174,-0.490838102575918
0.0459999999999994,-2.18721470767177,-0.536750331016357
0.0510000000000019,-2.42066706127323,-0.587245316221477
0.0570000000000022,-2.64483763947515,-0.606629645372626
0.0619999999999976,-2.86282268734125,-0.601660001560021
0.0670000000000002,-3.06728365926512,-0.564779754390206
0.0720000000000027,-3.25226769105923,-0.598395877976002
0.0769999999999982,-3.41720553651025,-0.608463156345902
0.0820000000000007,-3.54246446012621,-0.630483140408159
0.0870000000000033,-3.62981576198437,-0.706548714732359
0.0919999999999987,-3.67745003137087,-0.778136057782352
0.097999999999999,-3.68497471790028,-0.835615534368402
0.103000000000002,-3.6756034748209,-0.914388782656198
0.108000000000004,-3.65265318345923,-0.965818595447597
0.114000000000004,-3.62908928455819,-0.960780626711547
0.119,-3.61619863448638,-0.986040716557583
0.124000000000002,-3.60497897401965,-0.983047680414818
0.128999999999998,-3.58943445915257,-0.970616502517141
0.134,-3.55789711797516,-0.980645530678244
0.139000000000003,-3.51867076795636,-0.982475347306024
0.145000000000003,-3.47751206632358,-0.99597915121798
0.151000000000003,-3.44573767822353,-1.01909697289739
0.155000000000001,-3.43348724188119,-1.0333994873644
0.161000000000001,-3.45496843625999,-1.05266902792309
0.166000000000004,-3.4988408932793,-1.06998750261486
0.170999999999999,-3.55519881301576,-1.08151648275414
0.176000000000002,-3.62182861890606,-1.0921971326148
0.180999999999997,-3.67363125929579,-1.10320260606188
0.186,-3.71228418190293,-1.1037174845561
0.191000000000003,-3.7299758514492,-1.10603334156033
0.197000000000003,-3.72914656387087,-1.09992237511401
0.201999999999998,-3.72316860660262,-1.09765139776549
0.207999999999998,-3.70663663911844,-1.09113366227471
0.213000000000001,-3.69361757929787,-1.08919438564593
0.216999999999999,-3.68101072553493,-1.08981944218208
0.222999999999999,-3.67329015794145,-1.0863247537245
0.228000000000002,-3.67414291621441,-1.08912467543394
0.233000000000004,-3.6812760555975,-1.09148906654627
0.239000000000004,-3.69737647796283,-1.0813745532367
0.244,-3.71722036081152,-1.08600814380426
0.249000000000002,-3.7365099621063,-1.07270872245663
0.255000000000003,-3.74620106201121,-1.07120363260406
0.259999999999998,-3.75135060780942,-1.06386700873696
0.264000000000003,-3.7383158356367,-1.04810443308474
0.268999999999998,-3.70596480680153,-1.04196594893136
0.274000000000001,-3.65704201930749,-1.02231714122032
0.280000000000001,-3.58930802730429,-1.00358995721694
0.285000000000004,-3.51903689688486,-0.99997671111
0.289999999999999,-3.45122754059754,-0.985014837004992
0.295999999999999,-3.39362620310414,-0.995727447672607
0.301000000000002,-3.35623772815387,-0.993651944027543
0.305999999999997,-3.3414220419721,-0.991759156006873
0.311,-3.34498107795845,-0.991568962035465
0.316000000000003,-3.35815469035178,-0.976208514957078
0.322000000000003,-3.38230380397452,-0.954686190048401
0.326999999999998,-3.3973358859116,-0.93955130468691
0.332000000000001,-3.3986129533665,-0.916464162220207
0.337000000000003,-3.38182623584674,-0.917845290360919
0.341999999999999,-3.35054250612588,-0.917693360777977
0.347999999999999,-3.30976865298477,-0.921805418000495
0.353000000000002,-3.26651634614412,-0.938637793807989
0.358000000000004,-3.23934812467385,-0.946416255262995
0.364000000000004,-3.22462480977464,-0.953937530058193
0.368000000000002,-3.23353150488315,-0.962320100792717
0.372999999999998,-3.26182968996673,-0.955991286111861
0.378,-3.30605616442051,-0.962542381424446
0.383000000000003,-3.35398543422886,-0.955312980082039
0.387999999999998,-3.39317009457989,-0.948876238713267
0.393000000000001,-3.41101281596677,-0.954258470412681
0.398000000000003,-3.39545739917884,-0.942191598942291
0.404000000000003,-3.35666613155005,-0.946624774695253
0.410000000000004,-3.29508169681534,-0.944207471518061
0.414999999999999,-3.22246177080032,-0.941159378198257
0.420000000000002,-3.1520499299242,-0.95787256399065
0.425000000000004,-3.09234565193934,-0.952829837594546
0.43,-3.046714285271,-0.958628060015471
0.435000000000002,-3.01184860720366,-0.95864835515356
0.439999999999998,-2.99493369962968,-0.951916050125143
0.445,-2.98039048200916,-0.957297005001377
0.451999999999998,-2.97874705918762,-0.949054926224011
0.457000000000001,-2.97272926292849,-0.955995798988814
0.462000000000003,-2.97717951483729,-0.964562138699301
0.466999999999999,-2.98616342224746,-0.970914491899724
0.472000000000001,-3.00774731281673,-0.97940151872778
0.477000000000004,-3.03538514075783,-0.983083896457808
0.481999999999999,-3.06579239998332,-0.976417406040282
0.487000000000002,-3.09765531584684,-0.976435076434295
0.493000000000002,-3.11993863041706,-0.966718100903821
0.497999999999998,-3.13140731002995,-0.966745431397612
0.503999999999998,-3.12938809713981,-0.978702847343675
0.509,-3.12227237630507,-0.981703256553296
0.514000000000003,-3.11171417804835,-0.995538643499356
0.518999999999998,-3.10419347796415,-1.00303082515947
0.524000000000001,-3.09973689130642,-1.00319683094937
0.529000000000003,-3.10082676131738,-1.0175610033204
0.535000000000004,-3.10343181213217,-1.01026207948105
0.541000000000004,-3.10078923954049,-1.0169095857527
0.545000000000002,-3.09368194763106,-1.02013478893313
0.550000000000004,-3.06485851961115,-1.01276125468183
0.555,-3.03262327123052,-1.01187637106583
0.561,-2.98599835278667,-0.997118086868626
0.566000000000003,-2.93017315187268,-0.97848207088719
0.570999999999998,-2.87403644041733,-0.971104324737598
0.576999999999998,-2.81623742185583,-0.955135476736624
0.582000000000001,-2.76681841876027,-0.96289496858232
0.587000000000003,-2.72603538150329,-0.965946692983823
0.591999999999999,-2.69931195711696,-0.97049954119873
0.597999999999999,-2.68276511284012,-0.975628952015254
0.603000000000002,-2.672358479816,-0.964955792290866
0.606999999999999,-2.658751485449,-0.946565174249209
0.613,-2.64734604357769,-0.928654716370082
0.619,-2.63923934484632,-0.907967570485921
0.622999999999998,-2.63358924921507,-0.896750282369822
0.628999999999998,-2.64136590253478,-0.889062441244876
0.634,-2.64394531883939,-0.885878248698601
0.639000000000003,-2.65276679322482,-0.889832275081475
0.643999999999998,-2.66045487170377,-0.893077251694367
0.649999999999999,-2.66476959623795,-0.895312811750089
0.654000000000003,-2.66720568699435,-0.898869115465838
0.660000000000004,-2.66688581281866,-0.902317218710008
0.666000000000004,-2.66111451962408,-0.912339035792108
0.670999999999999,-2.65092739979126,-0.917206611039354
0.676000000000002,-2.6379749760234,-0.918458357858898
0.680999999999997,-2.63307776062877,-0.926578984079545
0.686,-2.63381364737066,-0.918885161414822
0.691000000000003,-2.63790045393793,-0.922881925429287
0.695999999999998,-2.64234004276978,-0.910293378820671
0.701000000000001,-2.64881927860818,-0.907469254205525
0.707999999999998,-2.65726883660511,-0.905442813429767
0.713000000000001,-2.66043028021569,-0.897363438924508
0.716999999999999,-2.66019132182535,-0.88823607473703
0.722999999999999,-2.66116886701417,-0.882638930568628
0.728000000000002,-2.65344186180387,-0.867714243206138
0.733000000000004,-2.64815138464253,-0.870675579531044
0.738,-2.63177794162298,-0.858896148031907
0.743000000000002,-2.60867711027965,-0.868548130427002
0.749000000000002,-2.57886718403072,-0.874772836628308
0.753999999999998,-2.54710716969756,-0.877886972916801
0.759,-2.51727054812668,-0.882499269622231
0.764000000000003,-2.4976905053182,-0.883874215942879
0.770000000000003,-2.49407243441768,-0.879168388564903
0.774999999999999,-2.50580979798945,-0.889505140994478
0.780000000000001,-2.53353496177185,-0.888698791293715
0.785000000000004,-2.5616947934309,-0.903179058310614
0.791000000000004,-2.59264375571171,-0.914691985832318
0.795999999999999,-2.61627089661434,-0.924714165596214
0.801000000000002,-2.62132442062187,-0.931636483446271
0.805999999999997,-2.62234946733591,-0.932114817423673
0.811,-2.60691165199158,-0.918496339665107
0.817,-2.59092000770137,-0.908933152076835
0.822000000000003,-2.56962181564477,-0.891252462748382
0.826000000000001,-2.54489789002783,-0.877911809614334
0.832999999999998,-2.52357240994912,-0.866381736830743
0.838000000000001,-2.50428523647409,-0.846882984196307
0.843000000000004,-2.48948057197506,-0.842134204745435
0.847999999999999,-2.47913085916767,-0.827128542311674
0.853999999999999,-2.47323493222015,-0.818447124107467
0.859000000000002,-2.47401060444772,-0.815972822104808
0.864000000000004,-2.48095117802855,-0.809915755574919
0.869,-2.4899019847079,-0.823370336170173
0.875,-2.4954808168804,-0.828712480095528
0.880000000000003,-2.50791003343528,-0.840732110751338
0.886000000000003,-2.5102873096363,-0.850824950570955
0.890999999999998,-2.50834967959085,-0.847939464049764
0.896000000000001,-2.49803467923555,-0.839427833691103
0.901000000000003,-2.47970282402733,-0.817722648619018
0.905999999999999,-2.45737296815416,-0.804562858295478
0.911000000000001,-2.42723415564664,-0.795030416903124
0.917999999999999,-2.40370852733457,-0.792205376625059
0.923000000000002,-2.39123635902384,-0.792095602681538
0.927,-2.38844824429542,-0.800866559383458
0.933,-2.40097448764552,-0.805126667734793
0.939,-2.42734131553937,-0.810728620651637
0.942999999999998,-2.46604762822881,-0.817427293260493
0.948,-2.5094058506186,-0.819641262526852
0.954000000000001,-2.54495283862535,-0.828164834293826
0.959000000000003,-2.56172429815884,-0.829948924600267
0.965000000000003,-2.55833991187325,-0.834636208304777
0.969999999999999,-2.52744902218434,-0.836294855759671
0.975000000000001,-2.47107482025704,-0.831745215188618
0.980000000000004,-2.39906545056221,-0.830729192307933
0.986000000000004,-2.32087450878082,-0.821365865364889
0.991,-2.25126070187907,-0.820765666143601
0.996000000000002,-2.19578097968305,-0.817109279789497
1.001,-2.15135983368189,-0.813578400852749
1.008,-2.1223601576936,-0.816423490806293
1.012,-2.10374625362286,-0.808237240640782
1.018,-2.09478768164897,-0.804936293336779
1.023,-2.09448551186616,-0.79691967841983
1.028,-2.09601158625267,-0.786376222581477
1.033,-2.09957573169818,-0.786671659346743
1.039,-2.10406337045886,-0.778255778449958
1.043,-2.11184277265258,-0.772936663910965
1.049,-2.11892007873393,-0.7716573238369
1.055,-2.13159455325924,-0.765735742438977
1.06,-2.15007297894964,-0.765024486112096
1.064,-2.17222340185873,-0.768804340402779
1.069,-2.19548494809432,-0.766985255390375
1.074,-2.21520767736126,-0.782593089896261
1.079,-2.22942351104457,-0.78435278569567
1.084,-2.22551135755802,-0.779281262200512
1.09,-2.21027225411761,-0.781561991839089
1.096,-2.17485518118875,-0.763509422625213
1.1,-2.128891507783,-0.755495789538367
1.105,-2.07876565336404,-0.745360343507084
1.111,-2.03611301014655,-0.736443143395397
1.116,-2.00677452845625,-0.744841930500228
1.12,-1.99566137360367,-0.744162041213057
1.126,-2.00811126041641,-0.746717260189725
1.132,-2.03046698575142,-0.753855257820261
1.137,-2.05201574287882,-0.748606173451606
1.142,-2.07152152110241,-0.751626435857039
1.147,-2.08347776957793,-0.752151307840176
1.152,-2.08579253498205,-0.746957886882527
1.158,-2.0808818716129,-0.759641840006691
1.162,-2.07120274837425,-0.759807300582853
1.168,-2.05397591412019,-0.760805351127754
1.174,-2.04008194618024,-0.766249019753481
1.179,-2.02607100464507,-0.758359030409869
1.184,-2.0207155868024,-0.759721820732726
1.189,-2.02232835381014,-0.749872483418752
1.194,-2.03130997993939,-0.744506111364482
1.199,-2.04423567601912,-0.744567940199189
1.205,-2.05786741614961,-0.737130459751147
1.209,-2.07188937397447,-0.733380285028699
1.214,-2.09005453978566,-0.731589616797067
1.221,-2.09675547193708,-0.723890148220072
1.226,-2.09311309861076,-0.723909361573246
1.231,-2.07733847330239,-0.717523209627405
1.236,-2.05052657433253,-0.719277743858905
1.241,-2.02237560796524,-0.720499564673599
1.246,-1.99386592380167,-0.719007118453587
1.251,-1.97239364862302,-0.719719188326541
1.256,-1.96642939370781,-0.71695482687183
1.263,-1.96863305285338,-0.711657117227979
1.268,-1.98100593146585,-0.710725283761906
1.274,-2.00216330882336,-0.709216571733953
1.278,-2.01846012118194,-0.714439725912599
1.284,-2.02149940924533,-0.721341013360684
1.29,-2.00455252958528,-0.727380865122726
1.295,-1.96760382847852,-0.733828332025557
1.3,-1.92240458142798,-0.7327313379166
1.307,-1.87747125246939,-0.731806842558632
1.312,-1.84411796191644,-0.724461456064299
1.318,-1.83189749907285,-0.714276985768427
1.322,-1.83817348311651,-0.709103096084135
1.328,-1.85532034154401,-0.695041690038453
1.333,-1.87968360739101,-0.688136127081817
1.338,-1.90678650531076,-0.677098622828835
1.342,-1.93212638099666,-0.670428588671795
1.349,-1.95234065016237,-0.665459507212039
1.354,-1.96376124063895,-0.664770487680724
1.359,-1.96768145123893,-0.667969429849837
1.365,-1.9624123730436,-0.672528532732452
1.371,-1.94695675337668,-0.677033234574076
1.375,-1.92453081972143,-0.67984078347459
1.381,-1.90111160467495,-0.681836357007791
1.387,-1.89144549476801,-0.676603515849985
1.393,-1.88864229307647,-0.668843742449655
1.398,-1.89541613370338,-0.660700859993846
1.403,-1.92168379843233,-0.647645123594072
1.409,-1.96712879553671,-0.634917902577291
1.414,-2.01579778349547,-0.620482415915622
1.419,-2.05166891237163,-0.608925055831642
1.425,-2.07371628704855,-0.593271743665785
1.431,-2.06870530242199,-0.582300904108518
1.437,-2.04238412347268,-0.574813626806725
1.441,-1.99619069662213,-0.573490102771165
1.447,-1.94662445327889,-0.579886261485944
1.453,-1.90033067460916,-0.588628825316219
1.458,-1.86858764197443,-0.601104717372212
1.463,-1.84724346615523,-0.609750459857388
1.469,-1.82986816752857,-0.619514821905812
1.475,-1.82602123674343,-0.623933805439993
1.481,-1.82697144063084,-0.625428504782076
1.485,-1.82021944403069,-0.631615993218185
1.491,-1.80777893416667,-0.631650286258058
1.497,-1.79170446700347,-0.63239519726068
1.502,-1.76909435028548,-0.6333050817524
1.507,-1.73988574205831,-0.630237915904573
1.512,-1.71612574952888,-0.628828289309158
1.519,-1.69069003814296,-0.624594454563428
1.524,-1.67697473928162,-0.627076251995572
1.528,-1.66859595303693,-0.627346837102032
1.534,-1.66599333063469,-0.629571569629174
1.539,-1.66654201274764,-0.63085574295183
1.544,-1.67186915353919,-0.633079208630548
1.549,-1.68056157346994,-0.630219817667222
1.555,-1.69295987680723,-0.632988516326848
1.56,-1.7098999766456,-0.629788357554187
1.566,-1.73244689266764,-0.635153772733417
1.571,-1.75300856926267,-0.636605594270693
1.576,-1.76175686455802,-0.634880616069813
1.581,-1.75685033596394,-0.632431896595384
1.587,-1.73910694288109,-0.623109710559611
1.592,-1.70602481677669,-0.612237869023897
1.597,-1.67615947837002,-0.600421219379824
1.603,-1.6562918491664,-0.593941566407049
1.608,-1.64866481027016,-0.591244722313192
1.613,-1.6591942069887,-0.591233723782347
1.619,-1.67675896313449,-0.593341954222966
1.624,-1.69504647657516,-0.596996791369573
1.629,-1.71353385671728,-0.595618275751603
1.634,-1.7243092663669,-0.596680417868169
1.64,-1.72743888765943,-0.588935308074615
1.645,-1.72315182099124,-0.588916207400096
1.651,-1.72002517160652,-0.584964402462392
1.656,-1.71574737819882,-0.585429156667229
1.661,-1.70982489087981,-0.584503487106539
1.666,-1.69440277980375,-0.589847893147547
1.672,-1.67783960958395,-0.594305485154755
1.677,-1.65354183280966,-0.605269090807083
1.681,-1.62194327416815,-0.611155166323422
1.688,-1.5927985829627,-0.623816219603993
1.693,-1.57021521700959,-0.630800081451582
1.698,-1.55469820163053,-0.635679587242519
1.703,-1.55759388496439,-0.635342223895074
1.708,-1.56468373111181,-0.633394248430171
1.713,-1.58548737424599,-0.627335118887662
1.719,-1.61199478582724,-0.625831839231849
1.724,-1.64059562738556,-0.618852517426755
1.73,-1.65994125216597,-0.624547497523208
1.735,-1.66908162547316,-0.626244992000619
1.741,-1.67409156110367,-0.63090321289696
1.746,-1.66711157365283,-0.63819918676775
1.751,-1.65848130516425,-0.63768696527992
1.756,-1.65737403970703,-0.638624477562187
1.761,-1.66631631719477,-0.635700132049418
1.766,-1.66569606729144,-0.632453632139368
1.773,-1.66649286479989,-0.630375596905136
1.778,-1.64963394256795,-0.625987126093692
1.782,-1.60416299874575,-0.621042221275996
1.788,-1.54151229068435,-0.617587091662151
1.793,-1.46971880944227,-0.609603718962167
1.798,-1.40964682380093,-0.606902890859055
1.803,-1.3786204857462,-0.602257995609878
1.809,-1.36658087129872,-0.603293240124455
1.815,-1.3814204081861,-0.608061841783074
1.82,-1.40298711936533,-0.61429567641013
1.825,-1.42542162490162,-0.616414580713673
1.831,-1.42855884223504,-0.625689639303408
1.835,-1.42014157135735,-0.624995468282277
1.841,-1.40306009739165,-0.63148870144983
1.846,-1.39498205959224,-0.628008703041001
1.851,-1.39172351288531,-0.628631718824102
1.857,-1.41020524200837,-0.624803068517266
1.862,-1.44322762370628,-0.618032754201053
1.867,-1.48316503648227,-0.606242816719462
1.872,-1.52702994178461,-0.596825392562934
1.878,-1.5619196272471,-0.582403909271591
1.882,-1.58650664074958,-0.576197609422417
1.888,-1.60295182709302,-0.567177004046144
1.893,-1.59321451250294,-0.569764500892155
1.899,-1.56883274378785,-0.573300388349557
1.904,-1.53516271584029,-0.578653538360225
1.909,-1.49925623942324,-0.583461596290646
1.914,-1.46289775615377,-0.584731934923061
1.919,-1.43316588615547,-0.582016052044955
1.924,-1.41620201416874,-0.582845537027411
1.929,-1.40683353656404,-0.579747109350511
1.935,-1.41187364520452,-0.583241877120334
1.94,-1.42990887781742,-0.585838071603329
1.945,-1.46012763866386,-0.588350124341876
1.951,-1.49324073503542,-0.587021693518074
1.956,-1.53106177910911,-0.581666230949054
1.961,-1.56675280310254,-0.570573015211694
1.966,-1.59244652794934,-0.560245563653456
1.972,-1.60570042316545,-0.548291152675982
1.976,-1.59828058471591,-0.542216985676678
1.982,-1.57295027789084,-0.539221819277513
1.988,-1.53265235253532,-0.536966092989954
1.993,-1.48825717233544,-0.539819226186829
1.998,-1.45000094851225,-0.538611279954051
2.003,-1.41971169534366,-0.539675432799724
2.008,-1.41111066218936,-0.53904354294328
2.013,-1.4213803081587,-0.535642377720496
2.018,-1.44221041536169,-0.532992503926837
2.023,-1.46918746430105,-0.528527084731067
2.03,-1.4920584906364,-0.522724768146811
2.035,-1.5041921253752,-0.519929794939846
2.039,-1.4985526036781,-0.516325023212048
2.044,-1.4789415611238,-0.517295772564585
2.049,-1.44377522861977,-0.515965884042551
2.054,-1.40336766947412,-0.52121821709649
2.06,-1.36007830006609,-0.520323317874324
2.065,-1.32077603759129,-0.520630476724993
2.071,-1.2881595558957,-0.515572125707368
2.076,-1.26203752327368,-0.509959728647461
2.081,-1.24940285754978,-0.500578080118886
2.086,-1.24272381080397,-0.495775740020525
2.092,-1.24847629611063,-0.490097701060694
2.097,-1.26444934165576,-0.492234110100607
2.102,-1.29102861517948,-0.492608085002581
2.106,-1.32960596580775,-0.497800037138594
2.111,-1.36959737884093,-0.501420877266486
2.117,-1.40173038835381,-0.505029527217084
2.123,-1.41929583089392,-0.505781446424404
2.128,-1.42271122351064,-0.509836215141397
2.133,-1.4135331022098,-0.506467131999076
2.138,-1.39516791099051,-0.51332479993669
2.143,-1.3829819383643,-0.513482825535473
2.148,-1.38286781196607,-0.514463252230579
2.155,-1.39479352140823,-0.511644718598751
2.16,-1.41416002959326,-0.503729493352609
2.165,-1.4280199704583,-0.491231035408457
2.169,-1.43134123760518,-0.480117668841598
2.174,-1.42146705915969,-0.465011600137587
2.18,-1.40015677455368,-0.461158505295413
2.185,-1.37678074077219,-0.458078598393875
2.19,-1.35536993591086,-0.459946151164507
2.195,-1.34402801693312,-0.463019065533318
2.201,-1.34805984629283,-0.467407707788044
2.206,-1.35815036294774,-0.465656935512424
2.211,-1.37549597517908,-0.463775817263392
2.217,-1.40375919288282,-0.454714249943758
2.222,-1.42315349005138,-0.449228974680102
2.227,-1.43844578741903,-0.44377287115856
2.231,-1.44466237365716,-0.4429452808101
2.237,-1.4410180976283,-0.446031279711669
2.243,-1.43520196199203,-0.454873335207467
2.248,-1.4243364484202,-0.463536072429966
2.253,-1.41015584775817,-0.475290584530626
2.258,-1.39201306368825,-0.480827989781995
2.263,-1.37270483743662,-0.48392981919853
2.268,-1.35118335168914,-0.48206675294456
2.273,-1.3256174681729,-0.475750156275085
2.279,-1.29642265052439,-0.466939992111021
2.285,-1.27292053591106,-0.460454899364736
2.29,-1.25405697216147,-0.454186491356911
2.295,-1.24257343211806,-0.452993489367976
2.3,-1.23886126270335,-0.453762718134641
2.305,-1.23823164482554,-0.459461461144631
2.31,-1.23974875542775,-0.463639748081575
2.315,-1.24028366612823,-0.469003760701806
2.32,-1.24751032642078,-0.469645672735209
2.326,-1.25114087977267,-0.468694771842274
2.331,-1.25322784440971,-0.463682774753612
2.336,-1.25021579757694,-0.45929731839869
2.342,-1.24580520569326,-0.452354620184746
2.347,-1.24197753501603,-0.448244495268757
2.352,-1.22182113132495,-0.444471572229412
2.357,-1.20338012471032,-0.443482208449732
2.362,-1.18072427395829,-0.444054418082335
2.367,-1.14960170266033,-0.444965360343856
2.373,-1.10600639072014,-0.44503023401227
2.378,-1.06152918929244,-0.448105734952341
2.384,-1.02219312983933,-0.447870266081744
2.388,-0.99582288322316,-0.453106541509392
2.394,-0.989876607264689,-0.454985826241586
2.399,-1.00118410880111,-0.457446233134654
2.404,-1.03618448352547,-0.458774742464962
2.409,-1.07518028101936,-0.455568991242986
2.415,-1.11479902207844,-0.450756904362006
2.42,-1.15004592096393,-0.447952949903135
2.425,-1.17899929936604,-0.444291018067262
2.43,-1.20759784986787,-0.446003107609549
2.435,-1.21977854803094,-0.44733386274407
2.441,-1.21573492776372,-0.45036104014851
2.446,-1.20862408010688,-0.45278704477747
2.45,-1.19807011427667,-0.451912868587141
2.457,-1.19389896535148,-0.448016373679543
2.462,-1.1939428595045,-0.443206411471923
2.467,-1.20834841492729,-0.435930943672034
2.472,-1.2234415241849,-0.431415214819607
2.478,-1.24549006570696,-0.429353358612792
2.482,-1.26182034530485,-0.430845589180116
2.487,-1.27911757174202,-0.436800544740883
2.493,-1.29473171602354,-0.443232763901243
2.498,-1.30189087898392,-0.448691489527317
2.504,-1.30397959535718,-0.451558829199352
2.509,-1.2969662954531,-0.450358763932854
2.514,-1.27628535649961,-0.447660177162509
2.519,-1.2550683025337,-0.442208052284517
2.524,-1.22430580137702,-0.435487745308391
2.529,-1.20094636621468,-0.433231419557401
2.535,-1.18002960873324,-0.429569521355035
2.541,-1.16824082317343,-0.429459923633416
2.545,-1.16297909735165,-0.429013623521822
2.55,-1.17801871463275,-0.428881164415118
2.556,-1.19729347450907,-0.428431276173996
2.56,-1.22421043429206,-0.427308689043404
2.566,-1.25016445865662,-0.425949514112375
2.571,-1.27015246801484,-0.425289951067261
2.576,-1.28696887362553,-0.423632741913954
2.582,-1.29425847079925,-0.422985430496931
2.587,-1.30135408074552,-0.420135911094564
2.592,-1.30369150982824,-0.416652274641933
2.598,-1.30728682431206,-0.412267060705197
2.603,-1.30757951351877,-0.406189182327445
2.607,-1.30417676281021,-0.395678090155971
2.613,-1.29320908592081,-0.38743427936216
2.618,-1.27464719635903,-0.377978356813446
2.623,-1.24687864203589,-0.372827127461276
2.629,-1.21292273190144,-0.372546576565379
2.634,-1.16969658545409,-0.376354492281151
2.639,-1.12599538639111,-0.383432326078757
2.644,-1.07972910481868,-0.389423475834411
2.649,-1.03255409987431,-0.39076639407614
2.654,-0.992338745736695,-0.387998253321806
2.66,-0.96198601968867,-0.382987739806239
2.665,-0.944454852820052,-0.378256180547727
2.671,-0.947815424725178,-0.376168688124455
2.676,-0.96895690458548,-0.377258400025359
2.681,-1.01187685224825,-0.384013762604563
2.686,-1.04820536692938,-0.390331330138153
2.691,-1.08260910078929,-0.396610652156802
2.697,-1.09811240902212,-0.398672855565335
2.701,-1.08830646264363,-0.398470997649263
2.707,-1.0532864994214,-0.394749247072607
2.714,-1.01526668305189,-0.391254398980768
2.718,-0.980354400568259,-0.389599451766244
2.723,-0.958465553699531,-0.386969852923836
2.729,-0.961909762064243,-0.385792437296303
2.734,-0.986819489951105,-0.3824567968779
2.739,-1.02834541686645,-0.37603559448721
2.744,-1.07200282838462,-0.36945409322525
2.749,-1.11191733057339,-0.360821233536975
2.755,-1.13541677064605,-0.353120283349151
2.761,-1.13979191540047,-0.343449528522377
2.766,-1.13724635680962,-0.337253671722206
2.77,-1.1149137814824,-0.330395117721815
2.776,-1.09641855648449,-0.330584583144836
2.781,-1.09099744820177,-0.332266454887836
2.786,-1.10190095327774,-0.339456304955065
2.791,-1.13279912726889,-0.348554245155216
2.798,-1.17037411052996,-0.357442956669402
2.803,-1.2260586095616,-0.366111815387964
2.808,-1.26999329036416,-0.369256297816056
2.813,-1.30692371912712,-0.368867392156633
2.818,-1.33199479137857,-0.363956517962759
2.823,-1.35242694639731,-0.357480948693418
2.829,-1.35908664310838,-0.351516974148881
2.833,-1.35776903527019,-0.349573304850518
2.84,-1.3433646673827,-0.351831067909561
2.845,-1.31595452694974,-0.356972986896151
2.85,-1.28323341194232,-0.362694221236907
2.855,-1.24909154797934,-0.367720959139856
2.861,-1.21840372769102,-0.367465286629261
2.866,-1.19603759596344,-0.364105253558259
2.871,-1.17853162634983,-0.35452993910656
2.876,-1.16433642046733,-0.344631576026908
2.883,-1.1413759405437,-0.333720568054947
2.887,-1.12395410628523,-0.32600903936635
2.892,-1.10182925946928,-0.322455800712561
2.898,-1.07757620641211,-0.32668451969452
2.903,-1.05095184704406,-0.332832353726717
2.908,-1.03012472007156,-0.344558966589546
2.913,-1.01883004260768,-0.354618596393943
2.918,-1.01701212643237,-0.364570541797985
2.924,-1.03072018703779,-0.368518974087148
2.929,-1.0615377516034,-0.368009527195606
2.934,-1.10177608729296,-0.360650670338747
2.939,-1.144468611279,-0.356456058034749
2.945,-1.17371155237891,-0.350990209464875
2.949,-1.17905534594201,-0.349667092787853
2.955,-1.16123373895508,-0.351060690097543
2.96,-1.12720753801755,-0.354096528794146
2.966,-1.08395183145706,-0.356221734049094
2.971,-1.04154641728381,-0.35603330794467
2.976,-1.00952890403199,-0.350887480305228
2.981,-0.986073398206684,-0.34654431149254
2.986,-0.972397547132372,-0.339360568237005
2.992,-0.959377684207584,-0.333129167754702
2.997,-0.965199457971349,-0.329315055415064
3.001,-0.972859010439348,-0.329815431835226
3.007,-0.98493101292972,-0.332240070651498
3.013,-0.998371937321522,-0.335525880124447
3.018,-1.00744521344218,-0.33716834699019
3.023,-1.00544418085639,-0.335449718314638
3.028,-0.987993062384244,-0.333861040480111
3.033,-0.963274995598357,-0.327706047660313
3.039,-0.93269823442423,-0.324031529020175
3.043,-0.911710103931481,-0.322024998564894
3.048,-0.903434223455309,-0.323135735465972
3.055,-0.910680522371438,-0.327350871471172
3.06,-0.932430804142789,-0.333411537535526
3.064,-0.965108023654547,-0.337224655742434
3.07,-0.988042025401864,-0.340149675904234
3.075,-1.00160538183043,-0.337996086737416
3.08,-0.998595241452567,-0.33476130627409
3.085,-0.965455313454836,-0.331282548745416
3.09,-0.912621343222632,-0.331226247473511
3.096,-0.860018618591037,-0.332165097193294
3.102,-0.818211874691976,-0.338589274864393
3.107,-0.804492830012023,-0.342719652334754
3.111,-0.817596938064344,-0.348243523906498
3.117,-0.852732468965283,-0.350823321678405
3.122,-0.896027459727808,-0.35198646968325
3.127,-0.93916179142418,-0.351776878230152
3.133,-0.967895852427615,-0.349388603866119
3.139,-0.980770398207945,-0.343493054796036
3.144,-0.979066643732164,-0.335698411934324
3.149,-0.97360410534598,-0.32816079433295
3.155,-0.954135374188026,-0.321870047422211
3.161,-0.934892157296812,-0.320457673948663
3.165,-0.921987673933109,-0.323363648593041
3.171,-0.907800625877214,-0.330825514706086
3.177,-0.893391706120131,-0.340914714786365
3.183,-0.886840788051656,-0.35090332427062
3.188,-0.881971544374305,-0.359463732797212
3.193,-0.88195508133646,-0.364867320556801
3.199,-0.878430833561328,-0.365905139154101
3.205,-0.868829724692074,-0.364349073536955
3.209,-0.853306681563893,-0.360245940311583
3.215,-0.837193846265146,-0.35348521500947
3.22,-0.824881779636056,-0.345177161474673
3.227,-0.815773699175564,-0.334831098268303
3.232,-0.818275488311034,-0.323957213872256
3.237,-0.829156047997223,-0.315688073509406
3.243,-0.849065835073238,-0.310909392791158
3.248,-0.87219330408262,-0.31114010270515
3.253,-0.901138771922205,-0.315626130507172
3.259,-0.924683927149411,-0.322366940542955
3.265,-0.939313456481437,-0.331186325692803
3.271,-0.943179561767377,-0.339031130540545
3.275,-0.930530277219984,-0.342517959106986
3.281,-0.914584595055477,-0.342350626958247
3.286,-0.891861612309254,-0.336752774144846
3.292,-0.869002113671582,-0.32883299122047
3.297,-0.856235431786704,-0.319468513177554
3.302,-0.849780109126114,-0.309753000539975
3.309,-0.854394226912205,-0.302953232606801
3.315,-0.866492317307079,-0.299238762388192
3.319,-0.885116195986577,-0.300289675120889
3.325,-0.90270724508684,-0.306488792111445
3.33,-0.911382699050331,-0.319218600364023
3.336,-0.906492692473762,-0.335258770483875
3.341,-0.890596579483687,-0.353193590494195
3.346,-0.865931408361845,-0.370216475593472
3.353,-0.838798980417651,-0.383314830716462
3.358,-0.815831833150392,-0.390550425983108
3.363,-0.795825059113502,-0.391830054000208
3.369,-0.785972435407038,-0.388136945717823
3.374,-0.780893101237018,-0.381318087636587
3.38,-0.776022900186648,-0.37460505277203
3.385,-0.774030132560172,-0.367014339059612
3.39,-0.773899631856768,-0.361741088911927
3.396,-0.774398015572111,-0.356529360618585
3.401,-0.77354564317715,-0.353015631239517
3.406,-0.774489675774529,-0.349881686765584
3.412,-0.778623292564872,-0.346684378189533
3.417,-0.786625094961983,-0.341906686433611
3.422,-0.797615207752002,-0.335448265434744
3.427,-0.809011507898534,-0.324084917625327
3.432,-0.815250578047715,-0.312879367448237
3.438,-0.815879170761224,-0.301542903218269
3.444,-0.809040437130978,-0.291271211466837
3.449,-0.798355151117007,-0.28927914573683
3.454,-0.784976110215292,-0.291242956685467
3.459,-0.771586198276095,-0.298398436218367
3.464,-0.770732963060034,-0.309421627505196
3.469,-0.773639165576982,-0.318244305579675
3.474,-0.78094421838218,-0.32560821232407
3.481,-0.801833124226381,-0.330821229594364
3.486,-0.806194150986258,-0.329595057390417
3.491,-0.815391408315091,-0.327798460086719
3.496,-0.81378205403572,-0.324185315888467
3.502,-0.795734491286279,-0.319306154123962
3.506,-0.773115432228661,-0.313924880109037
3.512,-0.751640067642926,-0.308364171732926
3.517,-0.736605706309032,-0.302731299683815
3.523,-0.744511450346614,-0.298422029917741
3.528,-0.770888540466029,-0.29392926288433
3.534,-0.817378817890854,-0.292020783907155
3.538,-0.873813540844659,-0.291252064297382
3.544,-0.923112143473832,-0.289774831171435
3.549,-0.972999034113653,-0.287403782736358
3.554,-1.01625623089921,-0.283745383949466
3.559,-1.04584593838615,-0.279950684958308
3.565,-1.07365063981288,-0.278879303755851
3.571,-1.06428401855378,-0.278193978437202
3.575,-1.04208622173411,-0.282080322821947
3.581,-1.00415185010797,-0.287764554969831
3.586,-0.955406164666879,-0.29382019505367
3.591,-0.907931797180356,-0.298773557328738
3.596,-0.869483314873977,-0.298874714505388
3.601,-0.835373362339053,-0.295532302192174
3.607,-0.813770372744635,-0.289566753035345
3.613,-0.794684265872755,-0.283744534544777
3.618,-0.77796899054097,-0.277463355289095
3.623,-0.768644596871027,-0.275776700905653
3.628,-0.770766607051429,-0.277584252553159
3.634,-0.774692794340202,-0.282677237365164
3.639,-0.79333952945649,-0.289236712930621
3.644,-0.829522265820466,-0.295125730109823
3.65,-0.88185313087126,-0.299603265925036
3.655,-0.936858780949648,-0.30401964967705
3.66,-0.981043378277099,-0.305973044847229
3.665,-0.998996773766108,-0.307863584704754
3.671,-0.983552562812772,-0.308389406668749
3.675,-0.945378171093323,-0.309597335666615
3.681,-0.891587436560213,-0.308840763402689
3.686,-0.839813272499743,-0.304989276195551
3.692,-0.803077835095934,-0.299412868031853
3.697,-0.785249301433538,-0.293915123162536
3.702,-0.776375461287374,-0.284862029729719
3.707,-0.775652508188727,-0.274761431972833
3.713,-0.787072733344787,-0.264060919277553
3.718,-0.797391584600084,-0.254239638201169
3.722,-0.804811638009222,-0.249501443829115
3.728,-0.810228776965177,-0.250499101761942
3.735,-0.813993343645556,-0.254504240833733
3.74,-0.817303454531947,-0.264342496321611
3.745,-0.81514917176901,-0.273824241131432
3.75,-0.811589574161222,-0.282102253243421
3.755,-0.800338596857229,-0.287073589265812
3.76,-0.788782966651815,-0.287920599152858
3.766,-0.775378375369062,-0.287161830497111
3.771,-0.765572525060569,-0.284644042149331
3.775,-0.766157684146407,-0.283997946665922
3.782,-0.771507663541624,-0.28503145829747
3.787,-0.783664763404693,-0.2875129955655
3.792,-0.805785993857795,-0.28903666348655
3.797,-0.847416540862118,-0.288964373621955
3.803,-0.889118952093517,-0.286491967920159
3.807,-0.932272318078637,-0.282055721060392
3.812,-0.970355572269956,-0.277433789837905
3.817,-0.998991721152035,-0.27402855833017
3.823,-1.01129262328777,-0.270803923076857
3.829,-1.00384615338793,-0.268075860227506
3.834,-0.980893651346115,-0.266443137476983
3.839,-0.94295182120517,-0.264919412912322
3.844,-0.895431521943052,-0.263319036295948
3.849,-0.851210191328315,-0.262026430096803
3.854,-0.818018203664982,-0.260150149273297
3.86,-0.810648887693243,-0.262568471741252
3.866,-0.818860288856334,-0.264626482531882
3.87,-0.833141812460383,-0.270149261730655
3.875,-0.844198559334911,-0.275945499048915
3.88,-0.861472648086243,-0.278251536135609
3.885,-0.867368449152787,-0.277193656966677
3.891,-0.860019593095698,-0.273418471372217
3.896,-0.844506976236593,-0.265131190290582
3.901,-0.817428799402143,-0.259037552390967
3.907,-0.786203112357899,-0.251164956832078
3.912,-0.759896548271861,-0.243295380224898
3.917,-0.744032880055304,-0.236319539157076
3.923,-0.728066826498929,-0.22923666743331
3.928,-0.728160172209071,-0.221948370387245
3.932,-0.727668378788774,-0.218277558122317
3.937,-0.715453822786437,-0.215845086942734
3.942,-0.687232252286052,-0.218641114782053
3.948,-0.650817551539022,-0.222524368199969
3.954,-0.606876368926005,-0.227031323570373
3.959,-0.581081616579487,-0.231008336041331
3.964,-0.585154843859771,-0.233021135057379
3.969,-0.619130900150649,-0.230079348855381
3.975,-0.669004647130931,-0.225431129320843
3.979,-0.716447448196212,-0.217072840405555
3.984,-0.739904317303379,-0.209126265771337
3.99,-0.740468098966576,-0.200849242142385
3.995,-0.727171337497305,-0.195247011797997
4,-0.716343767250568,-0.192781738312493
4.005,-0.704342482473206,-0.196017954027845
4.011,-0.706802116880601,-0.199059939471921
4.016,-0.725729930085381,-0.203935512285161
4.021,-0.755479191847322,-0.208250886408679
4.026,-0.784970051422311,-0.210194413749539
4.033,-0.818570036135639,-0.212344650698539
4.038,-0.843850987221839,-0.213187382287257
4.042,-0.857061186837808,-0.21110197426611
4.048,-0.863613882483902,-0.210349225225838
4.053,-0.858229137381791,-0.208318085037671
4.058,-0.84922440723726,-0.207553440846206
4.062,-0.827701692986994,-0.211704108271322
4.068,-0.786704580316099,-0.217352376061716
4.073,-0.732208717216627,-0.224924377725824
4.079,-0.668014826104886,-0.234082930158909
4.084,-0.603439735695862,-0.23832625994756
4.089,-0.559973991557426,-0.240578540769331
4.094,-0.536775919647736,-0.239025214474892
4.099,-0.538780499578404,-0.235347169518332
4.104,-0.565564258451374,-0.234471444867277
4.109,-0.597938013548019,-0.234773250210789
4.114,-0.63063557747967,-0.239046912112022
4.12,-0.659071271440961,-0.24678613693425
4.126,-0.676022641483814,-0.25288490063108
4.131,-0.67821098134497,-0.255711088464316
4.136,-0.671086640971365,-0.252742290516326
4.141,-0.660297885157958,-0.243266422222531
4.146,-0.649120393264532,-0.23177425666777
4.151,-0.629317675173096,-0.219525190481273
4.156,-0.611380954960975,-0.209658076772325
4.162,-0.586605663065986,-0.205489447784328
4.168,-0.562719007156711,-0.205257617766138
4.173,-0.542378856184218,-0.207923395372461
4.178,-0.533782668931338,-0.210748321022323
4.183,-0.539287266038683,-0.214480067273102
4.188,-0.570156972293167,-0.21767618496936
4.193,-0.620303437772984,-0.21955764827572
4.198,-0.676818703148338,-0.221025859714766
4.204,-0.730188200958596,-0.223346821254718
4.209,-0.774368616307455,-0.226430903958254
4.214,-0.793366076154254,-0.228133528129423
4.219,-0.792175651689377,-0.226765931548598
4.225,-0.773520451451917,-0.223091055186799
4.23,-0.74435739007204,-0.216297329329657
4.234,-0.703240712794411,-0.207000808000566
4.24,-0.671536462471775,-0.198320497766551
4.246,-0.644433838032319,-0.190818310905745
4.251,-0.6335721708669,-0.187281705422462
4.256,-0.635391532486939,-0.187968563018049
4.261,-0.649076824511705,-0.188521119812463
4.266,-0.666541673302034,-0.191475779612098
4.271,-0.68258687468524,-0.193044764932888
4.276,-0.706006301603627,-0.191473920275486
4.282,-0.723940638917609,-0.187845559972239
4.287,-0.741734307905464,-0.183441987033968
4.293,-0.759364229120593,-0.179958762196999
4.298,-0.774045154163535,-0.178449546185301
4.303,-0.782016088241067,-0.178198185109369
4.308,-0.778666240709623,-0.181916576514852
4.313,-0.764475052117141,-0.186819485665388
4.319,-0.742553247013834,-0.190716302221235
4.324,-0.719915597469514,-0.194219755940142
4.328,-0.702174384500665,-0.195491906705877
4.334,-0.692767419191295,-0.195680287805707
4.34,-0.692143167644805,-0.196635388045075
4.345,-0.693336572818033,-0.195995884687631
4.35,-0.696745345378097,-0.197485301555018
4.355,-0.692677887894348,-0.199999894473356
4.36,-0.69395968656985,-0.203759104820109
4.365,-0.69508813575791,-0.209414046835132
4.37,-0.712457858892709,-0.215300891418874
4.376,-0.741876108156489,-0.219941208162835
4.382,-0.78555300745576,-0.222938090409955
4.387,-0.831517178516694,-0.220735677686372
4.392,-0.872405083884988,-0.218279557036335
4.397,-0.895437369764273,-0.213938616078669
4.402,-0.903702833685271,-0.209587912366215
4.406,-0.897986456058218,-0.207677249171909
4.412,-0.880597013115631,-0.208318366179961
4.418,-0.858907362609626,-0.208903572962632
4.423,-0.83786134254299,-0.20980365088302
4.428,-0.813343104033224,-0.205254479982068
4.434,-0.791427284652986,-0.198818797828754
4.438,-0.767601399721143,-0.188556172214187
4.444,-0.746497480405942,-0.17780465842279
4.449,-0.72605451238893,-0.170123389403649
4.454,-0.71160505113836,-0.165574695716603
4.46,-0.700887854483535,-0.163122627742959
4.465,-0.696393452575074,-0.163054574638962
4.47,-0.699414075251183,-0.161469058816278
4.475,-0.709097961773569,-0.161741207203143
4.48,-0.717553966630907,-0.159474910781974
4.485,-0.73453837278089,-0.156230514506735
4.491,-0.753605760855433,-0.153208591991095
4.496,-0.771159336808364,-0.151906245348552
4.5,-0.786625559033751,-0.151606920569731
4.507,-0.796267757551204,-0.154251871545953
4.512,-0.793933685407594,-0.156045593238701
4.517,-0.78608803243262,-0.158024756753238
4.522,-0.768886961150993,-0.15857449417212
4.527,-0.744847787729851,-0.156078279173397
4.532,-0.725378093023276,-0.152384887262318
4.538,-0.702022960056803,-0.149797276285604
4.543,-0.680406203286233,-0.148758985678551
4.549,-0.659243854625856,-0.150021562952609
4.554,-0.650445222686833,-0.153916804054301
4.56,-0.650385597845889,-0.159619498358326
4.564,-0.655886458666605,-0.165446845494257
4.57,-0.664816990392718,-0.170938801040798
4.575,-0.677002159067961,-0.176359294405951
4.58,-0.683399448720122,-0.180950909462339
4.585,-0.693003565669736,-0.185448017242207
4.592,-0.706142818651923,-0.188888957026878
4.597,-0.721844338141573,-0.191451291633358
4.601,-0.736448138488049,-0.191021621490745
4.607,-0.743151022920155,-0.190579737477284
4.612,-0.734678858837787,-0.187417073148914
4.617,-0.723559721609318,-0.182153702426883
4.622,-0.713390697182419,-0.175582295881796
4.628,-0.708023758388196,-0.168868264697286
4.634,-0.714409839370025,-0.160580581746463
4.639,-0.737501818193416,-0.157163034882811
4.644,-0.776967928214516,-0.15634276519854
4.649,-0.833144705397562,-0.158827196946218
4.654,-0.892905140626583,-0.163523970820809
4.66,-0.95199061604214,-0.169182039513628
4.665,-0.997341009878779,-0.172058160194607
4.67,-1.01398502473692,-0.17208934755931
4.676,-0.998599221990033,-0.169220098199179
4.682,-0.965508098575975,-0.165673738985757
4.686,-0.91878208069292,-0.162495536501194
4.692,-0.881645114964967,-0.161851137546142
4.697,-0.850268729076312,-0.163225487638029
4.702,-0.830946455063089,-0.167290707880431
4.707,-0.828436412092116,-0.171155695865097
4.713,-0.828179036410026,-0.174743009515569
4.718,-0.828763331065516,-0.174419556805711
4.723,-0.828088330282035,-0.168492218342466
4.729,-0.824210517652595,-0.160284109914919
4.733,-0.817203046038719,-0.148073219466939
4.738,-0.806555764580364,-0.134912197934312
4.744,-0.797400892647866,-0.123072594327202
4.749,-0.789057355901212,-0.114149682677516
4.754,-0.778753236931908,-0.107225602175694
4.76,-0.767985450598335,-0.10392112263758
4.765,-0.754149372386205,-0.103165697165286
4.77,-0.73009072402922,-0.103140594291945
4.776,-0.700242025557641,-0.101417195772049
4.781,-0.653315631593688,-0.098132823091096
4.785,-0.591181512391993,-0.0929706944910753
4.791,-0.517038448308097,-0.0857116913789849
4.796,-0.429354699279131,-0.0774685540926273
4.802,-0.344018119587376,-0.0702160984921706
4.807,-0.265683243389746,-0.0616845307321659
4.812,-0.207585542895688,-0.0563212005121822
4.817,-0.168245017779549,-0.0521186213538552
4.823,-0.145312106247055,-0.0508913541815883
4.827,-0.146551489221522,-0.0508848228260923
4.832,-0.157220174253835,-0.0532274550899341
4.838,-0.169538857456792,-0.0565189985341943
4.844,-0.203904872483336,-0.0587895446886146
4.848,-0.232466399063653,-0.0625785585911628
4.854,-0.26776707495515,-0.0651185052181795
4.859,-0.311148036104508,-0.0648836035745914
4.864,-0.356549789367371,-0.063851230276008
4.869,-0.405314832020792,-0.061445132939911
4.874,-0.448588371080544,-0.0584092166267433
4.879,-0.469764397111848,-0.0568822835693235
4.886,-0.470252941680728,-0.0562422919705853
4.891,-0.441723911601029,-0.0565409689341092
4.895,-0.396637240748545,-0.059104637656017
4.901,-0.339677952072597,-0.0616717337924245
4.906,-0.279216146161729,-0.0648727258759973
4.911,-0.22960839436483,-0.0673118174822438
4.916,-0.193012013325149,-0.0672510085820472
4.921,-0.159810813973045,-0.066194003393992
4.926,-0.150785842216624,-0.0640226163846233
4.933,-0.147064213193562,-0.0583411489034285
4.937,-0.153798047279145,-0.0496992480013915
4.942,-0.163453493082935,-0.0444147977209792
4.948,-0.175509905986031,-0.0377502213799794
4.952,-0.186852860761987,-0.0282771531695278
4.958,-0.197916058320984,-0.0190649148306337
4.963,-0.207398992536899,-0.0143635701042394
4.969,-0.216244985680558,-0.0128469937885759
4.975,-0.223798233258093,-0.0101955388497509
4.98,-0.225169893270551,-0.0104157505724659
4.986,-0.219518717999908,-0.0101886181476115
4.991,-0.199756862921057,-0.00760237166816508
4.996,-0.172358778128473,-0.00214521537134197
5.002,-0.138906306998939,0.00528066851970807
5.007,-0.105692340033931,0.0126188252899557
5.014,-0.0873695499223716,0.0156941199608537
5.019,-0.0775524563254967,0.0212051577437989
5.024,-0.0828941521299181,0.0302185467663957
5.03,-0.092220520757738,0.0386319303654142
5.035,-0.100861937781648,0.0436208132678776
5.04,-0.104979020430076,0.0489511328883205
5.046,-0.101210726906553,0.0563340129896098
5.051,-0.0857764226992815,0.0600222551383999
5.058,-0.0593679744812501,0.0609033213464219
5.062,-0.0251706026451686,0.0689626092546881
5.068,0.0108011472306424,0.0769730809996277
